Molecule ChEMBL ID	Molecule Name	Molecule Max Phase	Molecular Weight	#RO5 Violations	AlogP	Compound Key	Smiles	Standard Type	Standard Relation	Standard Value	Standard Units	pChEMBL Value	Data Validity Comment	Comment	Uo Units	Ligand Efficiency BEI	Ligand Efficiency LE	Ligand Efficiency LLE	Ligand Efficiency SEI	Potential Duplicate	Assay ChEMBL ID	Assay Description	Assay Type	BAO Format ID	BAO Label	Assay Organism	Assay Tissue ChEMBL ID	Assay Tissue Name	Assay Cell Type	Assay Subcellular Fraction	Assay Parameters	Assay Variant Accession	Assay Variant Mutation	Target ChEMBL ID	Target Name	Target Organism	Target Type	Document ChEMBL ID	Source ID	Source Description	Document Journal	Document Year	Cell ChEMBL ID	Properties	Action Type	Standard Text Value
CHEMBL2333365		None	455.51	0	3.22	"28, XL388"	Cc1c(C(=O)N2CCOc3ccc(-c4ccc(N)nc4)cc3C2)ccc(S(C)(=O)=O)c1F	IC50	'>'	10000	nM				UO_0000065					0	CHEMBL2343911	Inhibition of IRAK1 (unknown origin)	B	BAO_0000357	single protein format	Homo sapiens	None	None	None	None				CHEMBL3357	Interleukin-1 receptor-associated kinase 1	Homo sapiens	SINGLE PROTEIN	CHEMBL2331117	1	Scientific Literature	J Med Chem	2013	None			
CHEMBL142425		None	362.41	0	4.22	42b	C[C@H](O)CNc1cc(-c2[nH]c3cccnc3c2-c2ccc(F)cc2)ccn1	IC50	'>'	30000	nM				UO_0000065					0	CHEMBL842043	Inhibition of interleukin-1 receptor-associated kinase 1	B	BAO_0000357	single protein format	None	None	None	None	None				CHEMBL3357	Interleukin-1 receptor-associated kinase 1	Homo sapiens	SINGLE PROTEIN	CHEMBL1145138	1	Scientific Literature	J Med Chem	2003	None			
CHEMBL210194		None	368.35	0	2.76	36	CCOC(=O)Cn1c(NC(=O)c2cccc([N+](=O)[O-])c2)nc2ccccc21	IC50	'='	750	nM	6.12			UO_0000065	16.63	0.31	3.36	5.26	0	CHEMBL870866	Inhibition of IRAK1	B	BAO_0000357	single protein format	Homo sapiens	None	None	None	None				CHEMBL3357	Interleukin-1 receptor-associated kinase 1	Homo sapiens	SINGLE PROTEIN	CHEMBL1147720	1	Scientific Literature	Bioorg Med Chem Lett	2006	None			
CHEMBL388978	STAUROSPORINE	None	466.54	0	4.35	Staurosporine	CN[C@@H]1C[C@H]2O[C@@](C)([C@@H]1OC)n1c3ccccc3c3c4c(c5c6ccccc6n2c5c31)C(=O)NC4	IC50	'='	16	nM	7.8			UO_0000065	16.71	0.3	3.45	11.23	0	CHEMBL4720698	Inhibition of human IRAK1 using MBP as substrate by [gamma-33P]-ATP assay	B	BAO_0000357	single protein format	Homo sapiens	None	None	None	None				CHEMBL3357	Interleukin-1 receptor-associated kinase 1	Homo sapiens	SINGLE PROTEIN	CHEMBL4715818	1	Scientific Literature	Bioorg Med Chem	2018	None		INHIBITOR	
CHEMBL379787		None	395.42	0	2.53	46	O=C(Nc1nc2ccccc2n1CCN1CCOCC1)c1cccc([N+](=O)[O-])c1	IC50	'='	300	nM	6.52			UO_0000065	16.5	0.31	3.99	6.36	0	CHEMBL870866	Inhibition of IRAK1	B	BAO_0000357	single protein format	Homo sapiens	None	None	None	None				CHEMBL3357	Interleukin-1 receptor-associated kinase 1	Homo sapiens	SINGLE PROTEIN	CHEMBL1147720	1	Scientific Literature	Bioorg Med Chem Lett	2006	None			
CHEMBL3741589		None	366.24	0	4.09	29; A-971432	O=C(O)C1CN(Cc2ccc(OCc3ccc(Cl)c(Cl)c3)cc2)C1	IC50	'>'	10000	nM				UO_0000065					0	CHEMBL3742720	Inhibition of IRAK1 (unknown origin)	B	BAO_0000357	single protein format	Homo sapiens	None	None	None	None				CHEMBL3357	Interleukin-1 receptor-associated kinase 1	Homo sapiens	SINGLE PROTEIN	CHEMBL3739276	1	Scientific Literature	J Med Chem	2015	None			
CHEMBL3889839		None	385.86	0	2.84	BDBM206131	CC(O)C1CCN(c2ccc(Cl)cc2NC(=O)c2cnn3cccnc23)C1	IC50	'='	897	nM	6.05		364960	UO_0000065	15.67	0.31	3.21	7.31	0	CHEMBL3887964	"In vitro IRAK-1 and IRAK-4 Assay: Purified recombinant IRAK-4 protein was incubated with 250 uM synthetic peptide(KKARFSRFAGSSPSQSSMVAR) in 30 ul of kinase buffer including (20 mM MOPS pH7.2, 25 mM beta glycerol phosphate, 5 mM EGTA, 1 mM sodium orthovanadate, 1 mM DTT, 50 uM ATP, 20 mM MgCl2, 10 uCi gamma-33P, 0.1% BSA) for the indicated time. For purified recombinant IRAK-1 protein kinase assay, 50 uM ATP was used. A 25 ul aliquot of the reaction mixture was transferred on to p81 phosphocellulose squares (Upstate Biotechnology, Lake Placid, N.Y.). The assay squares were washed three times with 0.75% phosphoric acid and once with acetone. Enzyme activity was measured by determining the bound radioactivity by liquid scintillation counting."	B	BAO_0000357	single protein format	None	None	None	None	None				CHEMBL3357	Interleukin-1 receptor-associated kinase 1	Homo sapiens	SINGLE PROTEIN	CHEMBL3886519	37	BindingDB Database		2016	None			
CHEMBL3343046		None	362.39	0	3.91	16a	COc1cc(C(=O)Nc2ccc(NC(=O)c3ccccc3)cc2)ccc1O	IC50	'>'	30000	nM				UO_0000065					0	CHEMBL3380802	Inhibition of human IRAK1 incubated for 20 mins prior to MgCl2 addition measured after 90 mins by mobility shift assay	B	BAO_0000357	single protein format	Homo sapiens	None	None	None	None				CHEMBL3357	Interleukin-1 receptor-associated kinase 1	Homo sapiens	SINGLE PROTEIN	CHEMBL3351874	1	Scientific Literature	Bioorg Med Chem	2014	None			
CHEMBL3930442		None	372.82	0	2.73	BDBM206107	O=C(Nc1cc(Cl)ccc1N1CCCCC1)c1cnn2nc(O)cnc12	IC50	'='	644	nM	6.19		364952	UO_0000065	16.61	0.33	3.46	6.47	0	CHEMBL3887964	"In vitro IRAK-1 and IRAK-4 Assay: Purified recombinant IRAK-4 protein was incubated with 250 uM synthetic peptide(KKARFSRFAGSSPSQSSMVAR) in 30 ul of kinase buffer including (20 mM MOPS pH7.2, 25 mM beta glycerol phosphate, 5 mM EGTA, 1 mM sodium orthovanadate, 1 mM DTT, 50 uM ATP, 20 mM MgCl2, 10 uCi gamma-33P, 0.1% BSA) for the indicated time. For purified recombinant IRAK-1 protein kinase assay, 50 uM ATP was used. A 25 ul aliquot of the reaction mixture was transferred on to p81 phosphocellulose squares (Upstate Biotechnology, Lake Placid, N.Y.). The assay squares were washed three times with 0.75% phosphoric acid and once with acetone. Enzyme activity was measured by determining the bound radioactivity by liquid scintillation counting."	B	BAO_0000357	single protein format	None	None	None	None	None				CHEMBL3357	Interleukin-1 receptor-associated kinase 1	Homo sapiens	SINGLE PROTEIN	CHEMBL3886519	37	BindingDB Database		2016	None			
CHEMBL3924130		None	409.47	0	2.93	BDBM206111	COc1cc2ncccc2cc1NC(=O)c1csc2cnc(N(C)CCO)nc12	IC50	'='	300	nM	6.52		364954	UO_0000065	15.93	0.31	3.59	6.49	0	CHEMBL3887964	"In vitro IRAK-1 and IRAK-4 Assay: Purified recombinant IRAK-4 protein was incubated with 250 uM synthetic peptide(KKARFSRFAGSSPSQSSMVAR) in 30 ul of kinase buffer including (20 mM MOPS pH7.2, 25 mM beta glycerol phosphate, 5 mM EGTA, 1 mM sodium orthovanadate, 1 mM DTT, 50 uM ATP, 20 mM MgCl2, 10 uCi gamma-33P, 0.1% BSA) for the indicated time. For purified recombinant IRAK-1 protein kinase assay, 50 uM ATP was used. A 25 ul aliquot of the reaction mixture was transferred on to p81 phosphocellulose squares (Upstate Biotechnology, Lake Placid, N.Y.). The assay squares were washed three times with 0.75% phosphoric acid and once with acetone. Enzyme activity was measured by determining the bound radioactivity by liquid scintillation counting."	B	BAO_0000357	single protein format	None	None	None	None	None				CHEMBL3357	Interleukin-1 receptor-associated kinase 1	Homo sapiens	SINGLE PROTEIN	CHEMBL3886519	37	BindingDB Database		2016	None			
CHEMBL3903936		None	391.46	0	4.07	BDBM206130	COc1cc2ncccc2cc1NC(=O)c1csc2cnc(NC3CC3)nc12	IC50	'='	575	nM	6.24		364959	UO_0000065	15.94	0.3	2.17	7.01	0	CHEMBL3887964	"In vitro IRAK-1 and IRAK-4 Assay: Purified recombinant IRAK-4 protein was incubated with 250 uM synthetic peptide(KKARFSRFAGSSPSQSSMVAR) in 30 ul of kinase buffer including (20 mM MOPS pH7.2, 25 mM beta glycerol phosphate, 5 mM EGTA, 1 mM sodium orthovanadate, 1 mM DTT, 50 uM ATP, 20 mM MgCl2, 10 uCi gamma-33P, 0.1% BSA) for the indicated time. For purified recombinant IRAK-1 protein kinase assay, 50 uM ATP was used. A 25 ul aliquot of the reaction mixture was transferred on to p81 phosphocellulose squares (Upstate Biotechnology, Lake Placid, N.Y.). The assay squares were washed three times with 0.75% phosphoric acid and once with acetone. Enzyme activity was measured by determining the bound radioactivity by liquid scintillation counting."	B	BAO_0000357	single protein format	None	None	None	None	None				CHEMBL3357	Interleukin-1 receptor-associated kinase 1	Homo sapiens	SINGLE PROTEIN	CHEMBL3886519	37	BindingDB Database		2016	None			
CHEMBL256963		None	299.77	0	2.43	44	Clc1ccc2ncc(-c3cccc(NC4CNC4)n3)n2c1	IC50	'='	195000	nM		Outside typical range		UO_0000065					0	CHEMBL921624	Inhibition of IRAK1	B	BAO_0000357	single protein format	None	None	None	None	None				CHEMBL3357	Interleukin-1 receptor-associated kinase 1	Homo sapiens	SINGLE PROTEIN	CHEMBL1145577	1	Scientific Literature	Bioorg Med Chem Lett	2008	None			
CHEMBL2205766		None	346.42	0	1.45	"14, CZC24758"	CC(C)(C)NS(=O)(=O)c1cncc(-c2ccn3nc(N)nc3c2)c1	IC50	'>'	10000	nM				UO_0000065					0	CHEMBL2211510	Inhibition of IRAK1	B	BAO_0000357	single protein format	None	None	None	None	None				CHEMBL3357	Interleukin-1 receptor-associated kinase 1	Homo sapiens	SINGLE PROTEIN	CHEMBL2203257	1	Scientific Literature	Bioorg Med Chem Lett	2012	None			
CHEMBL4550702		None	406.39	0	3.15	9	Cn1cc(-c2cnc3c(-c4csc(C(=O)NCC(F)(F)F)c4)cnn3c2)cn1	IC50	'='	19	nM	7.72			UO_0000065	19	0.38	4.57	10.01	0	CHEMBL4479731	Inhibition of recombinant human GST-tagged IRAK1 (194 to 712 residues) catalytic domain expressed in baculovirus expression system by Adapta assay	B	BAO_0000019	assay format	Homo sapiens	None	None	None	None				CHEMBL3357	Interleukin-1 receptor-associated kinase 1	Homo sapiens	SINGLE PROTEIN	CHEMBL4477252	1	Scientific Literature	Bioorg Med Chem Lett	2016	None			
CHEMBL4064608		None	385.51	0	2.91	28	c1nc(N[C@H]2CC[C@H](N3CCOCC3)CC2)c2c(C3CCOCC3)c[nH]c2n1	IC50	'='	23	nM	7.64			UO_0000065	19.81	0.37	4.73	10.14	0	CHEMBL4027011	Inhibition of recombinant N-terminal His6-tagged human IRAK1 (194 end residues) expressed in baculovirus infected Sf21 cells	B	BAO_0000219	cell-based format	Homo sapiens	None	None	None	None				CHEMBL3357	Interleukin-1 receptor-associated kinase 1	Homo sapiens	SINGLE PROTEIN	CHEMBL4024763	1	Scientific Literature	J Med Chem	2017	None			
CHEMBL3745885		None	467.46	0	3.66	7ao; ON1231320	Cn1c(=O)c(S(=O)(=O)c2ccc(F)cc2F)cc2cnc(Nc3ccc4[nH]ccc4c3)nc21	IC50	'>'	10000	nM				UO_0000065					0	CHEMBL3748220	Inhibition of human IRAK1 using MBP as substrate	B	BAO_0000357	single protein format	Homo sapiens	None	None	None	None				CHEMBL3357	Interleukin-1 receptor-associated kinase 1	Homo sapiens	SINGLE PROTEIN	CHEMBL3745707	1	Scientific Literature	Bioorg Med Chem	2016	None			
CHEMBL4445579		None	751.84	1	4.34	5	COc1cc2c(OC[C@@H]3CCC(=O)N3)ncc(C#CCCCCCCCCCCOc3cccc4c3C(=O)N(C3CCC(=O)NC3=O)C4=O)c2cc1C(N)=O	IC50	'>'	10000	nM				UO_0000065					0	CHEMBL4361897	Binding affinity to human IRK1 using myelin basic protein as substrate by [gamma-33P]-ATP assay	B	BAO_0000357	single protein format	Homo sapiens	None	None	None	None				CHEMBL3357	Interleukin-1 receptor-associated kinase 1	Homo sapiens	SINGLE PROTEIN	CHEMBL4359855	1	Scientific Literature	ACS Med Chem Lett	2019	None			
CHEMBL4443947		None	995.19	3	2.74	6	CN[C@@H](C)C(=O)N[C@H](C(=O)N1C[C@@H](NC(=O)CCOCCOCCOCC#Cc2cnc(OC[C@@H]3CCC(=O)N3)c3cc(OC)c(C(N)=O)cc23)C[C@H]1C(=O)N[C@@H]1CCCc2ccccc21)C1CCCCC1	IC50	'>'	10000	nM				UO_0000065					0	CHEMBL4361897	Binding affinity to human IRK1 using myelin basic protein as substrate by [gamma-33P]-ATP assay	B	BAO_0000357	single protein format	Homo sapiens	None	None	None	None				CHEMBL3357	Interleukin-1 receptor-associated kinase 1	Homo sapiens	SINGLE PROTEIN	CHEMBL4359855	1	Scientific Literature	ACS Med Chem Lett	2019	None			
CHEMBL4582179		None	989.27	3	6.2	7	CN[C@@H](C)C(=O)N[C@H](C(=O)N1C[C@@H](NC(=O)CCCCCCCCCCC#Cc2cnc(OC[C@@H]3CCC(=O)N3)c3cc(OC)c(C(N)=O)cc23)C[C@H]1C(=O)N[C@@H]1CCCc2ccccc21)C1CCCCC1	IC50	'='	6943	nM	5.16			UO_0000065	5.21	0.1	-1.04	2.31	0	CHEMBL4361897	Binding affinity to human IRK1 using myelin basic protein as substrate by [gamma-33P]-ATP assay	B	BAO_0000357	single protein format	Homo sapiens	None	None	None	None				CHEMBL3357	Interleukin-1 receptor-associated kinase 1	Homo sapiens	SINGLE PROTEIN	CHEMBL4359855	1	Scientific Literature	ACS Med Chem Lett	2019	None			
CHEMBL3673435		None	371.41	0	3.14	BDBM164884	COc1cc(F)ccc1-c1ccnc(NC(=O)C2CCC(NC(C)=O)C2)c1	IC50	'>'	5000	nM			308363	UO_0000065					0	CHEMBL3707565	"In Vitro Kinase Inhibition Assay: In vitro kinase assay analysis may be performed using standard techniques described in the art. These techniques are also used by commercial services providers in order to offer in vitro kinase activity assay services, e.g. the assays offered by Millipore Inc. (worldwide website www(dot)millipore.com), ProQinase GmbH (worldwide website www(dot)proqinase.de) and others. All kinase assays were performed in 96-well FlashPlates from Perkin Elmer/NEN (Boston, Mass., USA) in a 50ul reaction volume. The reaction mixture was pipetted in four steps in the following order: 20ul of assay buffer (standard buffer),5ul of ATP solution (in H2O, 5 ul of test compound (in 10% DMSO), 10ul of substrate/10ul of enzyme solution (premixed)The assay for all enzymes contained 60 mM HEPES-NaOH (pH 7.5), 3 mM MgCl2, 3 mM MnCl2, 3uM Na-Orthovanadate, 1.2 mM DTT, 50 ug/ml PEG2000, 1 uM [33P]-ATP (approx. 5x1005 cpm per well)."	B	BAO_0000357	single protein format	None	None	None	None	None				CHEMBL3357	Interleukin-1 receptor-associated kinase 1	Homo sapiens	SINGLE PROTEIN	CHEMBL3638701	37	BindingDB Database		2015	None			
CHEMBL4438748		None	457.49	0	4.13	12j	CN(C)c1ccc(C(=O)Nc2cccc(NC(=O)COc3ccc4c(=O)ccoc4c3)c2)cc1	IC50	'>'	10000	nM				UO_0000065					0	CHEMBL4379367	Inhibition of human recombinant IRAK1 (194 to end residues) using myelin basic protein as substrate after 40 mins by [gamma-33ATP] by radiometric scintillation counting analysis	B	BAO_0000357	single protein format	Homo sapiens	None	None	None	None				CHEMBL3357	Interleukin-1 receptor-associated kinase 1	Homo sapiens	SINGLE PROTEIN	CHEMBL4376834	1	Scientific Literature	J Med Chem	2019	None			
CHEMBL103667	DORAMAPIMOD	2	527.67	2	5.99	"2, BIRB-796"	Cc1ccc(-n2nc(C(C)(C)C)cc2NC(=O)Nc2ccc(OCCN3CCOCC3)c3ccccc23)cc1	IC50	'>'	30000	nM				UO_0000065					0	CHEMBL1932876	Inhibition of IRAK1	B	BAO_0000357	single protein format	None	None	None	None	None				CHEMBL3357	Interleukin-1 receptor-associated kinase 1	Homo sapiens	SINGLE PROTEIN	CHEMBL1926590	1	Scientific Literature	Bioorg Med Chem Lett	2011	None			
CHEMBL3343052		None	457.45	0	2.64	24c	COc1ccc(C(=O)Nc2ccc(NC(=O)c3ccccn3)cc2)cc1-c1c[nH]c(=O)[nH]c1=O	IC50	'>'	30000	nM				UO_0000065					0	CHEMBL3380802	Inhibition of human IRAK1 incubated for 20 mins prior to MgCl2 addition measured after 90 mins by mobility shift assay	B	BAO_0000357	single protein format	Homo sapiens	None	None	None	None				CHEMBL3357	Interleukin-1 receptor-associated kinase 1	Homo sapiens	SINGLE PROTEIN	CHEMBL3351874	1	Scientific Literature	Bioorg Med Chem	2014	None			
CHEMBL3343055		None	459.46	0	3.04	33	COc1cc(C(=O)Nc2ccc(NC(=O)c3ccccn3)cc2)cc(N2CCC(=O)NC2=O)c1	IC50	'>'	30000	nM				UO_0000065					0	CHEMBL3380802	Inhibition of human IRAK1 incubated for 20 mins prior to MgCl2 addition measured after 90 mins by mobility shift assay	B	BAO_0000357	single protein format	Homo sapiens	None	None	None	None				CHEMBL3357	Interleukin-1 receptor-associated kinase 1	Homo sapiens	SINGLE PROTEIN	CHEMBL3351874	1	Scientific Literature	Bioorg Med Chem	2014	None			
CHEMBL1916359		None	419.67	1	6.3	20	[O-][n+]1ccc2c(-c3ccc(F)cc3Cl)ccnc2c1-c1c(Cl)cccc1Cl	IC50	'>'	10000	nM				UO_0000065					0	CHEMBL1919603	Inhibition of human IRAK1	B	BAO_0000357	single protein format	Homo sapiens	None	None	None	None				CHEMBL3357	Interleukin-1 receptor-associated kinase 1	Homo sapiens	SINGLE PROTEIN	CHEMBL1914450	1	Scientific Literature	J Med Chem	2011	None			
CHEMBL4097778	TP-030n	None	458.54	0	1.13	TP-030n	CN1C(=O)[C@@H](N2CCc3cn(CC4CCS(=O)(=O)CC4)nc3C2=O)COc2ccccc21	IC50		1000	nM				UO_0000065					0	CHEMBL4885500	IRAK1(IRK1LGF1) Takeda global kinase panel	B	BAO_0000357	single protein format	Homo sapiens	None	None	None	None				CHEMBL3357	Interleukin-1 receptor-associated kinase 1	Homo sapiens	SINGLE PROTEIN	CHEMBL4507327	54	Donated Chemical Probes - SGC Frankfurt		2021	None	Compound concentration None 1.0 ÂµM		
CHEMBL3735448		None	516.55	2	5.06	1	CC(C)(C)C(=O)Oc1ccc2c(c1)nc(NC(=O)c1cccc([N+](=O)[O-])c1)n2-c1ccc(CCCO)cc1	IC50	'='	900	nM	6.05			UO_0000065	11.7	0.22	0.99	4.43	0	CHEMBL3737183	Inhibition of IRAK-1 (unknown origin)	B	BAO_0000357	single protein format	Homo sapiens	None	None	None	None				CHEMBL3357	Interleukin-1 receptor-associated kinase 1	Homo sapiens	SINGLE PROTEIN	CHEMBL3734693	1	Scientific Literature	Bioorg Med Chem Lett	2015	None			
CHEMBL3983893		None	379.45	0	3.22	BDBM206138	NCCCOc1cc2ncccc2cc1NC(=O)c1csc2cncnc12	IC50	'='	529	nM	6.28		364963	UO_0000065	16.54	0.32	3.06	6.09	0	CHEMBL3887964	"In vitro IRAK-1 and IRAK-4 Assay: Purified recombinant IRAK-4 protein was incubated with 250 uM synthetic peptide(KKARFSRFAGSSPSQSSMVAR) in 30 ul of kinase buffer including (20 mM MOPS pH7.2, 25 mM beta glycerol phosphate, 5 mM EGTA, 1 mM sodium orthovanadate, 1 mM DTT, 50 uM ATP, 20 mM MgCl2, 10 uCi gamma-33P, 0.1% BSA) for the indicated time. For purified recombinant IRAK-1 protein kinase assay, 50 uM ATP was used. A 25 ul aliquot of the reaction mixture was transferred on to p81 phosphocellulose squares (Upstate Biotechnology, Lake Placid, N.Y.). The assay squares were washed three times with 0.75% phosphoric acid and once with acetone. Enzyme activity was measured by determining the bound radioactivity by liquid scintillation counting."	B	BAO_0000357	single protein format	None	None	None	None	None				CHEMBL3357	Interleukin-1 receptor-associated kinase 1	Homo sapiens	SINGLE PROTEIN	CHEMBL3886519	37	BindingDB Database		2016	None			
CHEMBL3942983		None	377.86	0	2.98	BDBM206140	COc1ccc(Cl)cc1NC(=O)c1csc2cnc(NCCN)nc12	IC50	'='	813	nM	6.09		364964	UO_0000065	16.12	0.33	3.11	5.96	0	CHEMBL3887964	"In vitro IRAK-1 and IRAK-4 Assay: Purified recombinant IRAK-4 protein was incubated with 250 uM synthetic peptide(KKARFSRFAGSSPSQSSMVAR) in 30 ul of kinase buffer including (20 mM MOPS pH7.2, 25 mM beta glycerol phosphate, 5 mM EGTA, 1 mM sodium orthovanadate, 1 mM DTT, 50 uM ATP, 20 mM MgCl2, 10 uCi gamma-33P, 0.1% BSA) for the indicated time. For purified recombinant IRAK-1 protein kinase assay, 50 uM ATP was used. A 25 ul aliquot of the reaction mixture was transferred on to p81 phosphocellulose squares (Upstate Biotechnology, Lake Placid, N.Y.). The assay squares were washed three times with 0.75% phosphoric acid and once with acetone. Enzyme activity was measured by determining the bound radioactivity by liquid scintillation counting."	B	BAO_0000357	single protein format	None	None	None	None	None				CHEMBL3357	Interleukin-1 receptor-associated kinase 1	Homo sapiens	SINGLE PROTEIN	CHEMBL3886519	37	BindingDB Database		2016	None			
CHEMBL3972673		None	420.49	0	4.17	BDBM206099	O=C(Nc1cc2cccnc2cc1O[C@H]1CC[C@H](O)CC1)c1csc2cncnc12	IC50	'='	168	nM	6.78		364946	UO_0000065	16.11	0.31	2.6	6.97	0	CHEMBL3887964	"In vitro IRAK-1 and IRAK-4 Assay: Purified recombinant IRAK-4 protein was incubated with 250 uM synthetic peptide(KKARFSRFAGSSPSQSSMVAR) in 30 ul of kinase buffer including (20 mM MOPS pH7.2, 25 mM beta glycerol phosphate, 5 mM EGTA, 1 mM sodium orthovanadate, 1 mM DTT, 50 uM ATP, 20 mM MgCl2, 10 uCi gamma-33P, 0.1% BSA) for the indicated time. For purified recombinant IRAK-1 protein kinase assay, 50 uM ATP was used. A 25 ul aliquot of the reaction mixture was transferred on to p81 phosphocellulose squares (Upstate Biotechnology, Lake Placid, N.Y.). The assay squares were washed three times with 0.75% phosphoric acid and once with acetone. Enzyme activity was measured by determining the bound radioactivity by liquid scintillation counting."	B	BAO_0000357	single protein format	None	None	None	None	None				CHEMBL3357	Interleukin-1 receptor-associated kinase 1	Homo sapiens	SINGLE PROTEIN	CHEMBL3886519	37	BindingDB Database		2016	None			
CHEMBL401633		None	313.79	0	2.82	rac-45	Clc1ccc2ncc(-c3cccc(NC4CCNC4)n3)n2c1	IC50	'='	23000	nM	4.64			UO_0000065	14.78	0.29	1.82	8.55	0	CHEMBL921624	Inhibition of IRAK1	B	BAO_0000357	single protein format	None	None	None	None	None				CHEMBL3357	Interleukin-1 receptor-associated kinase 1	Homo sapiens	SINGLE PROTEIN	CHEMBL1145577	1	Scientific Literature	Bioorg Med Chem Lett	2008	None			
CHEMBL255873		None	318.38	0	2.43	16	N#Cc1ccc2ncc(-c3cccc(NC4CCNCC4)n3)n2c1	IC50	'='	96000	nM	4.02			UO_0000065	12.62	0.23	1.59	5.15	0	CHEMBL921624	Inhibition of IRAK1	B	BAO_0000357	single protein format	None	None	None	None	None				CHEMBL3357	Interleukin-1 receptor-associated kinase 1	Homo sapiens	SINGLE PROTEIN	CHEMBL1145577	1	Scientific Literature	Bioorg Med Chem Lett	2008	None			
CHEMBL3890299		None	399.88	0	3.23	BDBM206093	CC(O)C1CCN(c2ccc(Cl)cc2NC(=O)c2cnn3cccnc23)CC1	IC50	'='	970	nM	6.01		364940	UO_0000065	15.04	0.29	2.78	7.27	0	CHEMBL3887964	"In vitro IRAK-1 and IRAK-4 Assay: Purified recombinant IRAK-4 protein was incubated with 250 uM synthetic peptide(KKARFSRFAGSSPSQSSMVAR) in 30 ul of kinase buffer including (20 mM MOPS pH7.2, 25 mM beta glycerol phosphate, 5 mM EGTA, 1 mM sodium orthovanadate, 1 mM DTT, 50 uM ATP, 20 mM MgCl2, 10 uCi gamma-33P, 0.1% BSA) for the indicated time. For purified recombinant IRAK-1 protein kinase assay, 50 uM ATP was used. A 25 ul aliquot of the reaction mixture was transferred on to p81 phosphocellulose squares (Upstate Biotechnology, Lake Placid, N.Y.). The assay squares were washed three times with 0.75% phosphoric acid and once with acetone. Enzyme activity was measured by determining the bound radioactivity by liquid scintillation counting."	B	BAO_0000357	single protein format	None	None	None	None	None				CHEMBL3357	Interleukin-1 receptor-associated kinase 1	Homo sapiens	SINGLE PROTEIN	CHEMBL3886519	37	BindingDB Database		2016	None			
CHEMBL3943097		None	394.46	0	2.87	BDBM206098	COc1cc2ncccc2cc1NC(=O)c1csc2cnc(NCCN)nc12	IC50	'='	712	nM	6.15		364945	UO_0000065	15.58	0.3	3.28	5.34	0	CHEMBL3887964	"In vitro IRAK-1 and IRAK-4 Assay: Purified recombinant IRAK-4 protein was incubated with 250 uM synthetic peptide(KKARFSRFAGSSPSQSSMVAR) in 30 ul of kinase buffer including (20 mM MOPS pH7.2, 25 mM beta glycerol phosphate, 5 mM EGTA, 1 mM sodium orthovanadate, 1 mM DTT, 50 uM ATP, 20 mM MgCl2, 10 uCi gamma-33P, 0.1% BSA) for the indicated time. For purified recombinant IRAK-1 protein kinase assay, 50 uM ATP was used. A 25 ul aliquot of the reaction mixture was transferred on to p81 phosphocellulose squares (Upstate Biotechnology, Lake Placid, N.Y.). The assay squares were washed three times with 0.75% phosphoric acid and once with acetone. Enzyme activity was measured by determining the bound radioactivity by liquid scintillation counting."	B	BAO_0000357	single protein format	None	None	None	None	None				CHEMBL3357	Interleukin-1 receptor-associated kinase 1	Homo sapiens	SINGLE PROTEIN	CHEMBL3886519	37	BindingDB Database		2016	None			
CHEMBL3884319		None	386.45	0	4.24	33	CC1(C)C(=O)N([C@H]2CCc3c(O)cccc32)c2nc(Nc3ccccc3)ncc21	IC50	'='	10000	nM	5			UO_0000065	12.94	0.24	0.76	6.38	0	CHEMBL3876072	Inhibition of human recombinant GST-tagged IRAK1 catalytic domain (194 to 712 residues) expressed in baculovirus expression system	B	BAO_0000019	assay format	Homo sapiens	None	None	None	None				CHEMBL3357	Interleukin-1 receptor-associated kinase 1	Homo sapiens	SINGLE PROTEIN	CHEMBL3875183	1	Scientific Literature	Bioorg Med Chem Lett	2017	None			
CHEMBL3969222		None	428.92	0	3.12	BDBM206124	CN(C)CC1CCN(c2ccc(Cl)cc2NC(=O)c2cnn3cc(O)cnc23)CC1	IC50	'='	307	nM	6.51		364958	UO_0000065	15.18	0.3	3.39	7.57	0	CHEMBL3887964	"In vitro IRAK-1 and IRAK-4 Assay: Purified recombinant IRAK-4 protein was incubated with 250 uM synthetic peptide(KKARFSRFAGSSPSQSSMVAR) in 30 ul of kinase buffer including (20 mM MOPS pH7.2, 25 mM beta glycerol phosphate, 5 mM EGTA, 1 mM sodium orthovanadate, 1 mM DTT, 50 uM ATP, 20 mM MgCl2, 10 uCi gamma-33P, 0.1% BSA) for the indicated time. For purified recombinant IRAK-1 protein kinase assay, 50 uM ATP was used. A 25 ul aliquot of the reaction mixture was transferred on to p81 phosphocellulose squares (Upstate Biotechnology, Lake Placid, N.Y.). The assay squares were washed three times with 0.75% phosphoric acid and once with acetone. Enzyme activity was measured by determining the bound radioactivity by liquid scintillation counting."	B	BAO_0000357	single protein format	None	None	None	None	None				CHEMBL3357	Interleukin-1 receptor-associated kinase 1	Homo sapiens	SINGLE PROTEIN	CHEMBL3886519	37	BindingDB Database		2016	None			
CHEMBL3673434		None	385.44	0	3.53	BDBM164883	COc1cc(F)ccc1-c1ccnc(NC(=O)[C@H]2CCC[C@@H](NC(C)=O)C2)c1	IC50	'>'	5000	nM			308362	UO_0000065					0	CHEMBL3707565	"In Vitro Kinase Inhibition Assay: In vitro kinase assay analysis may be performed using standard techniques described in the art. These techniques are also used by commercial services providers in order to offer in vitro kinase activity assay services, e.g. the assays offered by Millipore Inc. (worldwide website www(dot)millipore.com), ProQinase GmbH (worldwide website www(dot)proqinase.de) and others. All kinase assays were performed in 96-well FlashPlates from Perkin Elmer/NEN (Boston, Mass., USA) in a 50ul reaction volume. The reaction mixture was pipetted in four steps in the following order: 20ul of assay buffer (standard buffer),5ul of ATP solution (in H2O, 5 ul of test compound (in 10% DMSO), 10ul of substrate/10ul of enzyme solution (premixed)The assay for all enzymes contained 60 mM HEPES-NaOH (pH 7.5), 3 mM MgCl2, 3 mM MnCl2, 3uM Na-Orthovanadate, 1.2 mM DTT, 50 ug/ml PEG2000, 1 uM [33P]-ATP (approx. 5x1005 cpm per well)."	B	BAO_0000357	single protein format	None	None	None	None	None				CHEMBL3357	Interleukin-1 receptor-associated kinase 1	Homo sapiens	SINGLE PROTEIN	CHEMBL3638701	37	BindingDB Database		2015	None			
CHEMBL3902455		None	420.49	0	4.17	BDBM206106	O=C(Nc1cc2cccnc2cc1OC1CCC(O)CC1)c1csc2cncnc12	IC50	'='	123	nM	6.91		364951	UO_0000065	16.43	0.31	2.74	7.11	0	CHEMBL3887964	"In vitro IRAK-1 and IRAK-4 Assay: Purified recombinant IRAK-4 protein was incubated with 250 uM synthetic peptide(KKARFSRFAGSSPSQSSMVAR) in 30 ul of kinase buffer including (20 mM MOPS pH7.2, 25 mM beta glycerol phosphate, 5 mM EGTA, 1 mM sodium orthovanadate, 1 mM DTT, 50 uM ATP, 20 mM MgCl2, 10 uCi gamma-33P, 0.1% BSA) for the indicated time. For purified recombinant IRAK-1 protein kinase assay, 50 uM ATP was used. A 25 ul aliquot of the reaction mixture was transferred on to p81 phosphocellulose squares (Upstate Biotechnology, Lake Placid, N.Y.). The assay squares were washed three times with 0.75% phosphoric acid and once with acetone. Enzyme activity was measured by determining the bound radioactivity by liquid scintillation counting."	B	BAO_0000357	single protein format	None	None	None	None	None				CHEMBL3357	Interleukin-1 receptor-associated kinase 1	Homo sapiens	SINGLE PROTEIN	CHEMBL3886519	37	BindingDB Database		2016	None			
CHEMBL3920056		None	469.55	0	3.41	BDBM206092	NCC1CCN(c2cc(C(=O)Nc3ccccc3)ccc2NC(=O)c2cnn3cccnc23)CC1	IC50	'='	450	nM	6.35		364939	UO_0000065	13.52	0.25	2.94	5.39	0	CHEMBL3887964	"In vitro IRAK-1 and IRAK-4 Assay: Purified recombinant IRAK-4 protein was incubated with 250 uM synthetic peptide(KKARFSRFAGSSPSQSSMVAR) in 30 ul of kinase buffer including (20 mM MOPS pH7.2, 25 mM beta glycerol phosphate, 5 mM EGTA, 1 mM sodium orthovanadate, 1 mM DTT, 50 uM ATP, 20 mM MgCl2, 10 uCi gamma-33P, 0.1% BSA) for the indicated time. For purified recombinant IRAK-1 protein kinase assay, 50 uM ATP was used. A 25 ul aliquot of the reaction mixture was transferred on to p81 phosphocellulose squares (Upstate Biotechnology, Lake Placid, N.Y.). The assay squares were washed three times with 0.75% phosphoric acid and once with acetone. Enzyme activity was measured by determining the bound radioactivity by liquid scintillation counting."	B	BAO_0000357	single protein format	None	None	None	None	None				CHEMBL3357	Interleukin-1 receptor-associated kinase 1	Homo sapiens	SINGLE PROTEIN	CHEMBL3886519	37	BindingDB Database		2016	None			
CHEMBL3353220		None	408.49	0	2.9	BDBM50040727	COc1cc2ncccc2cc1NC(=O)c1csc2cnc(N(C)CCN)nc12	IC50	'='	982.5	nM	6.01		364942	UO_0000065	14.71	0.28	3.11	5.65	0	CHEMBL3887964	"In vitro IRAK-1 and IRAK-4 Assay: Purified recombinant IRAK-4 protein was incubated with 250 uM synthetic peptide(KKARFSRFAGSSPSQSSMVAR) in 30 ul of kinase buffer including (20 mM MOPS pH7.2, 25 mM beta glycerol phosphate, 5 mM EGTA, 1 mM sodium orthovanadate, 1 mM DTT, 50 uM ATP, 20 mM MgCl2, 10 uCi gamma-33P, 0.1% BSA) for the indicated time. For purified recombinant IRAK-1 protein kinase assay, 50 uM ATP was used. A 25 ul aliquot of the reaction mixture was transferred on to p81 phosphocellulose squares (Upstate Biotechnology, Lake Placid, N.Y.). The assay squares were washed three times with 0.75% phosphoric acid and once with acetone. Enzyme activity was measured by determining the bound radioactivity by liquid scintillation counting."	B	BAO_0000357	single protein format	None	None	None	None	None				CHEMBL3357	Interleukin-1 receptor-associated kinase 1	Homo sapiens	SINGLE PROTEIN	CHEMBL3886519	37	BindingDB Database		2016	None			
CHEMBL4536517		None	394.23	0	1.76	1	COc1cc2c(OC[C@@H]3CCC(=O)N3)ncc(Br)c2cc1C(N)=O	IC50	'>'	10000	nM				UO_0000065					0	CHEMBL4361897	Binding affinity to human IRK1 using myelin basic protein as substrate by [gamma-33P]-ATP assay	B	BAO_0000357	single protein format	Homo sapiens	None	None	None	None				CHEMBL3357	Interleukin-1 receptor-associated kinase 1	Homo sapiens	SINGLE PROTEIN	CHEMBL4359855	1	Scientific Literature	ACS Med Chem Lett	2019	None			
CHEMBL402629		None	323.4	0	2.57	13	COc1ccc2ncc(-c3cccc(NC4CCNCC4)n3)n2c1	IC50	'='	293000	nM		Outside typical range		UO_0000065					0	CHEMBL921624	Inhibition of IRAK1	B	BAO_0000357	single protein format	None	None	None	None	None				CHEMBL3357	Interleukin-1 receptor-associated kinase 1	Homo sapiens	SINGLE PROTEIN	CHEMBL1145577	1	Scientific Literature	Bioorg Med Chem Lett	2008	None			
CHEMBL256961		None	327.82	0	3.21	rac-46	Clc1ccc2ncc(-c3cccc(NC4CCCNC4)n3)n2c1	IC50	'='	175000	nM		Outside typical range		UO_0000065					0	CHEMBL921624	Inhibition of IRAK1	B	BAO_0000357	single protein format	None	None	None	None	None				CHEMBL3357	Interleukin-1 receptor-associated kinase 1	Homo sapiens	SINGLE PROTEIN	CHEMBL1145577	1	Scientific Literature	Bioorg Med Chem Lett	2008	None			
CHEMBL4764582		None	433.43	0	3.98	23	COc1cc(NC(=O)c2cccc(C(F)(F)F)n2)cc2cn(C3CCN(C)CC3)nc12	IC50	'='	10400	nM	4.98			UO_0000065	11.5	0.22	1	6.89	0	CHEMBL4678082	Inhibition of IRAK1 (unknown origin)	B	BAO_0000357	single protein format	Homo sapiens	None	None	None	None				CHEMBL3357	Interleukin-1 receptor-associated kinase 1	Homo sapiens	SINGLE PROTEIN	CHEMBL4673322	1	Scientific Literature	Bioorg Med Chem Lett	2021	None		INHIBITOR	
CHEMBL4582624		None	504.6	2	2.68	13	COC(=O)N1CCN([C@H]2CC[C@H](Nc3nc(Nc4cnn(C)c4)nc4ccc(CC#N)nc34)CC2)CC1	IC50	'='	27	nM	7.57			UO_0000065	15	0.28	4.89	5.52	0	CHEMBL4323539	Inhibition of IRAK1 (unknown origin)	B	BAO_0000357	single protein format	Homo sapiens	None	None	None	None				CHEMBL3357	Interleukin-1 receptor-associated kinase 1	Homo sapiens	SINGLE PROTEIN	CHEMBL4321825	1	Scientific Literature	J Med Chem	2019	None			
CHEMBL3898083		None	402.91	0	3.81	BDBM206136	O=C(Nc1cc(Cl)ccc1N1CCC(CO)CC1)c1csc2cncnc12	IC50	'='	700	nM	6.16		364962	UO_0000065	15.28	0.31	2.34	7.86	0	CHEMBL3887964	"In vitro IRAK-1 and IRAK-4 Assay: Purified recombinant IRAK-4 protein was incubated with 250 uM synthetic peptide(KKARFSRFAGSSPSQSSMVAR) in 30 ul of kinase buffer including (20 mM MOPS pH7.2, 25 mM beta glycerol phosphate, 5 mM EGTA, 1 mM sodium orthovanadate, 1 mM DTT, 50 uM ATP, 20 mM MgCl2, 10 uCi gamma-33P, 0.1% BSA) for the indicated time. For purified recombinant IRAK-1 protein kinase assay, 50 uM ATP was used. A 25 ul aliquot of the reaction mixture was transferred on to p81 phosphocellulose squares (Upstate Biotechnology, Lake Placid, N.Y.). The assay squares were washed three times with 0.75% phosphoric acid and once with acetone. Enzyme activity was measured by determining the bound radioactivity by liquid scintillation counting."	B	BAO_0000357	single protein format	None	None	None	None	None				CHEMBL3357	Interleukin-1 receptor-associated kinase 1	Homo sapiens	SINGLE PROTEIN	CHEMBL3886519	37	BindingDB Database		2016	None			
CHEMBL4524299		None	942.11	2	3.03	2	COc1cc2c(OC[C@@H]3CCC(=O)N3)ncc(C#CCOCCOCCOCCC(=O)N[C@H](C(=O)N3C[C@H](O)C[C@H]3C(=O)NCc3ccc(-c4scnc4C)cc3)C(C)(C)C)c2cc1C(N)=O	IC50	'>'	10000	nM				UO_0000065					0	CHEMBL4361897	Binding affinity to human IRK1 using myelin basic protein as substrate by [gamma-33P]-ATP assay	B	BAO_0000357	single protein format	Homo sapiens	None	None	None	None				CHEMBL3357	Interleukin-1 receptor-associated kinase 1	Homo sapiens	SINGLE PROTEIN	CHEMBL4359855	1	Scientific Literature	ACS Med Chem Lett	2019	None			
CHEMBL3746678		None	465.6	1	5.29	32	CCc1cc2c(cc1-c1cnn(CCCN(C)C)c1)C(C)(C)c1[nH]c3cc(C#N)ccc3c1C2=O	IC50	'='	15	nM	7.82			UO_0000065	16.8	0.31	2.53	10.07	0	CHEMBL3748819	Inhibition of IRAK1 (unknown origin)	B	BAO_0000357	single protein format	Homo sapiens	None	None	None	None				CHEMBL3357	Interleukin-1 receptor-associated kinase 1	Homo sapiens	SINGLE PROTEIN	CHEMBL3745656	1	Scientific Literature	J Med Chem	2015	None			
CHEMBL3735401		None	465.56	0	4.42	6; JH-VIII-157-02	CCc1cc2c(cc1-c1cnn(CC(=O)N(C)C)c1)C(C)(C)c1[nH]c3cc(C#N)ccc3c1C2=O	IC50	'='	14	nM	7.85			UO_0000065	16.87	0.31	3.43	8.29	0	CHEMBL3748819	Inhibition of IRAK1 (unknown origin)	B	BAO_0000357	single protein format	Homo sapiens	None	None	None	None				CHEMBL3357	Interleukin-1 receptor-associated kinase 1	Homo sapiens	SINGLE PROTEIN	CHEMBL3745656	1	Scientific Literature	J Med Chem	2015	None			
CHEMBL4098682		None	333.4	0	3.63	6g	Cc1ccc(CNc2nc(N)nc3[nH]c4cc(C)c(O)cc4c23)cc1	IC50	'>'	100000	nM				UO_0000065					0	CHEMBL4021793	Inhibition of IRAK (unknown origin)	B	BAO_0000357	single protein format	Homo sapiens	None	None	None	None				CHEMBL3357	Interleukin-1 receptor-associated kinase 1	Homo sapiens	SINGLE PROTEIN	CHEMBL4020756	1	Scientific Literature	Bioorg Med Chem Lett	2017	None			
CHEMBL3960537		None	384.87	0	2.81	BDBM206112	NCC1CCN(c2ccc(Cl)cc2NC(=O)c2cnn3cccnc23)CC1	IC50	'='	920	nM	6.04		364955	UO_0000065	15.68	0.31	3.23	6.82	0	CHEMBL3887964	"In vitro IRAK-1 and IRAK-4 Assay: Purified recombinant IRAK-4 protein was incubated with 250 uM synthetic peptide(KKARFSRFAGSSPSQSSMVAR) in 30 ul of kinase buffer including (20 mM MOPS pH7.2, 25 mM beta glycerol phosphate, 5 mM EGTA, 1 mM sodium orthovanadate, 1 mM DTT, 50 uM ATP, 20 mM MgCl2, 10 uCi gamma-33P, 0.1% BSA) for the indicated time. For purified recombinant IRAK-1 protein kinase assay, 50 uM ATP was used. A 25 ul aliquot of the reaction mixture was transferred on to p81 phosphocellulose squares (Upstate Biotechnology, Lake Placid, N.Y.). The assay squares were washed three times with 0.75% phosphoric acid and once with acetone. Enzyme activity was measured by determining the bound radioactivity by liquid scintillation counting."	B	BAO_0000357	single protein format	None	None	None	None	None				CHEMBL3357	Interleukin-1 receptor-associated kinase 1	Homo sapiens	SINGLE PROTEIN	CHEMBL3886519	37	BindingDB Database		2016	None			
CHEMBL3341771		None	457.45	0	2.64	24a	COc1cc(C(=O)Nc2ccc(NC(=O)c3ccccn3)cc2)cc(-c2c[nH]c(=O)[nH]c2=O)c1	IC50	'>'	30000	nM				UO_0000065					0	CHEMBL3380802	Inhibition of human IRAK1 incubated for 20 mins prior to MgCl2 addition measured after 90 mins by mobility shift assay	B	BAO_0000357	single protein format	Homo sapiens	None	None	None	None				CHEMBL3357	Interleukin-1 receptor-associated kinase 1	Homo sapiens	SINGLE PROTEIN	CHEMBL3351874	1	Scientific Literature	Bioorg Med Chem	2014	None			
CHEMBL4455718		None	394.48	0	2.61	4	COC(=O)N1CCN([C@H]2CC[C@H](Nc3ncnc4ccc(C#N)cc34)CC2)CC1	IC50	'='	44	nM	7.36			UO_0000065	18.65	0.35	4.75	7.79	0	CHEMBL4323539	Inhibition of IRAK1 (unknown origin)	B	BAO_0000357	single protein format	Homo sapiens	None	None	None	None				CHEMBL3357	Interleukin-1 receptor-associated kinase 1	Homo sapiens	SINGLE PROTEIN	CHEMBL4321825	1	Scientific Literature	J Med Chem	2019	None			
CHEMBL4448950		None	936.19	3	6.49	3	COc1cc2c(OC[C@@H]3CCC(=O)N3)ncc(C#CCCCCCCCCCCC(=O)N[C@H](C(=O)N3C[C@H](O)C[C@H]3C(=O)NCc3ccc(-c4scnc4C)cc3)C(C)(C)C)c2cc1C(N)=O	IC50	'>'	10000	nM				UO_0000065					0	CHEMBL4361897	Binding affinity to human IRK1 using myelin basic protein as substrate by [gamma-33P]-ATP assay	B	BAO_0000357	single protein format	Homo sapiens	None	None	None	None				CHEMBL3357	Interleukin-1 receptor-associated kinase 1	Homo sapiens	SINGLE PROTEIN	CHEMBL4359855	1	Scientific Literature	ACS Med Chem Lett	2019	None			
CHEMBL4569508		None	529.59	2	5.28	1	O=C(NCC(F)(F)F)c1cc(-c2cnn3cc(-c4ccc(OCCN5CCCCC5)cc4)cnc23)cs1	IC50	'<'	10	nM				UO_0000065					0	CHEMBL4479731	Inhibition of recombinant human GST-tagged IRAK1 (194 to 712 residues) catalytic domain expressed in baculovirus expression system by Adapta assay	B	BAO_0000019	assay format	Homo sapiens	None	None	None	None				CHEMBL3357	Interleukin-1 receptor-associated kinase 1	Homo sapiens	SINGLE PROTEIN	CHEMBL4477252	1	Scientific Literature	Bioorg Med Chem Lett	2016	None			
CHEMBL3343048		None	420.42	0	3.66	17a	COc1cc(C(=O)Nc2ccc(NC(=O)c3ccccc3)cc2)ccc1OCC(=O)O	IC50	'>'	30000	nM				UO_0000065					0	CHEMBL3380802	Inhibition of human IRAK1 incubated for 20 mins prior to MgCl2 addition measured after 90 mins by mobility shift assay	B	BAO_0000357	single protein format	Homo sapiens	None	None	None	None				CHEMBL3357	Interleukin-1 receptor-associated kinase 1	Homo sapiens	SINGLE PROTEIN	CHEMBL3351874	1	Scientific Literature	Bioorg Med Chem	2014	None			
CHEMBL3353219		None	400.87	0	2.52	54	NCC1CCN(c2ccc(Cl)cc2NC(=O)c2cnn3cc(O)cnc23)CC1	IC50	'='	55	nM	7.26			UO_0000065	18.11	0.35	4.74	6.67	0	CHEMBL3372373	Inhibition of IRAK1 (unknown origin)	B	BAO_0000357	single protein format	Homo sapiens	None	None	None	None				CHEMBL3357	Interleukin-1 receptor-associated kinase 1	Homo sapiens	SINGLE PROTEIN	CHEMBL3351266	1	Scientific Literature	J Med Chem	2015	None			
CHEMBL3343040		None	401.43	0	3.92	10	COc1cc2c(Nc3ccc(NC(=O)c4ccccc4)cc3)nc(N)nc2cc1O	IC50	'>'	30000	nM				UO_0000065					0	CHEMBL3380802	Inhibition of human IRAK1 incubated for 20 mins prior to MgCl2 addition measured after 90 mins by mobility shift assay	B	BAO_0000357	single protein format	Homo sapiens	None	None	None	None				CHEMBL3357	Interleukin-1 receptor-associated kinase 1	Homo sapiens	SINGLE PROTEIN	CHEMBL3351874	1	Scientific Literature	Bioorg Med Chem	2014	None			
CHEMBL3343033		None	386.41	0	4.34	1	COc1cc2c(Nc3ccc(NC(=O)c4ccccc4)cc3)ncnc2cc1O	IC50	'>'	30000	nM				UO_0000065					0	CHEMBL3380802	Inhibition of human IRAK1 incubated for 20 mins prior to MgCl2 addition measured after 90 mins by mobility shift assay	B	BAO_0000357	single protein format	Homo sapiens	None	None	None	None				CHEMBL3357	Interleukin-1 receptor-associated kinase 1	Homo sapiens	SINGLE PROTEIN	CHEMBL3351874	1	Scientific Literature	Bioorg Med Chem	2014	None			
CHEMBL3343034		None	400.44	0	4.65	5a	COc1cc2c(Nc3ccc(NC(=O)c4ccccc4)cc3)nc(C)nc2cc1O	IC50	'>'	30000	nM				UO_0000065					0	CHEMBL3380802	Inhibition of human IRAK1 incubated for 20 mins prior to MgCl2 addition measured after 90 mins by mobility shift assay	B	BAO_0000357	single protein format	Homo sapiens	None	None	None	None				CHEMBL3357	Interleukin-1 receptor-associated kinase 1	Homo sapiens	SINGLE PROTEIN	CHEMBL3351874	1	Scientific Literature	Bioorg Med Chem	2014	None			
CHEMBL3343047		None	377.4	0	3.49	16b	COc1cc(C(=O)Nc2ccc(NC(=O)c3ccccc3)cc2)c(N)cc1O	IC50	'>'	30000	nM				UO_0000065					0	CHEMBL3380802	Inhibition of human IRAK1 incubated for 20 mins prior to MgCl2 addition measured after 90 mins by mobility shift assay	B	BAO_0000357	single protein format	Homo sapiens	None	None	None	None				CHEMBL3357	Interleukin-1 receptor-associated kinase 1	Homo sapiens	SINGLE PROTEIN	CHEMBL3351874	1	Scientific Literature	Bioorg Med Chem	2014	None			
CHEMBL3343037		None	430.46	0	4.01	7a	COc1cc2c(Nc3ccc(NC(=O)c4ccccc4)cc3)ncnc2cc1OCCO	IC50	'>'	30000	nM				UO_0000065					0	CHEMBL3380802	Inhibition of human IRAK1 incubated for 20 mins prior to MgCl2 addition measured after 90 mins by mobility shift assay	B	BAO_0000357	single protein format	Homo sapiens	None	None	None	None				CHEMBL3357	Interleukin-1 receptor-associated kinase 1	Homo sapiens	SINGLE PROTEIN	CHEMBL3351874	1	Scientific Literature	Bioorg Med Chem	2014	None			
CHEMBL3343039		None	443.46	0	3.5	7c	COc1cc2c(Nc3ccc(NC(=O)c4ccccc4)cc3)ncnc2cc1OCC(N)=O	IC50	'>'	30000	nM				UO_0000065					0	CHEMBL3380802	Inhibition of human IRAK1 incubated for 20 mins prior to MgCl2 addition measured after 90 mins by mobility shift assay	B	BAO_0000357	single protein format	Homo sapiens	None	None	None	None				CHEMBL3357	Interleukin-1 receptor-associated kinase 1	Homo sapiens	SINGLE PROTEIN	CHEMBL3351874	1	Scientific Literature	Bioorg Med Chem	2014	None			
CHEMBL4634634		None	365.44	0	1.44	29	C[C@@H]1C[C@H]1C(=O)N1CCN(c2cnc(C#N)c(-c3cnn(C)c3)n2)C[C@H]1C	IC50	'>'	100000	nM				UO_0000065					0	CHEMBL4603506	Inhibition of recombinant human GST-tagged IRAK1 catalytic domain (194 to 712 residues) expressed in baculovirus expression system using Histone H3 (1-20) peptide as substrate incubated for 60 mins in presence of ATP by Adapta assay	B	BAO_0000019	assay format	Homo sapiens	None	None	None	None				CHEMBL3357	Interleukin-1 receptor-associated kinase 1	Homo sapiens	SINGLE PROTEIN	CHEMBL4602617	1	Scientific Literature	Bioorg Med Chem Lett	2020	None			
CHEMBL3343044		None	363.37	0	3.3	14a	COc1cc(C(=O)Nc2ccc(NC(=O)c3ccccn3)cc2)ccc1O	IC50	'>'	30000	nM				UO_0000065					0	CHEMBL3380802	Inhibition of human IRAK1 incubated for 20 mins prior to MgCl2 addition measured after 90 mins by mobility shift assay	B	BAO_0000357	single protein format	Homo sapiens	None	None	None	None				CHEMBL3357	Interleukin-1 receptor-associated kinase 1	Homo sapiens	SINGLE PROTEIN	CHEMBL3351874	1	Scientific Literature	Bioorg Med Chem	2014	None			
CHEMBL4786242		None	452.47	0	4.1	3	C=CC(=O)Nc1ccc(C(=O)Nc2cccc(NC(=O)c3cccc(-c4ccn[nH]4)n3)c2)cc1	IC50	'='	55	nM	7.26			UO_0000065	16.04	0.29	3.16	5.63	0	CHEMBL4731589	Inhibition of recombinant IRAK1 (unknown origin) by Invitrogen adapta assay	B	BAO_0000357	single protein format	Homo sapiens	None	None	None	None				CHEMBL3357	Interleukin-1 receptor-associated kinase 1	Homo sapiens	SINGLE PROTEIN	CHEMBL4725474	1	Scientific Literature	ACS Med Chem Lett	2020	None		INHIBITOR	
CHEMBL1929238		None	554.54	2	5.23	27	CN(C)CCN1CCN(C(=O)c2cc(C(C)(C)C)sc2NC(=O)Nc2cccc(Cl)c2Cl)CCC1=O	IC50	'>'	30000	nM				UO_0000065					0	CHEMBL1932876	Inhibition of IRAK1	B	BAO_0000357	single protein format	None	None	None	None	None				CHEMBL3357	Interleukin-1 receptor-associated kinase 1	Homo sapiens	SINGLE PROTEIN	CHEMBL1926590	1	Scientific Literature	Bioorg Med Chem Lett	2011	None			
CHEMBL3343042		None	506.57	2	5.39	12a	COc1cc2c(Nc3ccc(NC(=O)c4ccccc4)cc3)nc(NCCc3ccccn3)nc2cc1O	IC50	'>'	30000	nM				UO_0000065					0	CHEMBL3380802	Inhibition of human IRAK1 incubated for 20 mins prior to MgCl2 addition measured after 90 mins by mobility shift assay	B	BAO_0000357	single protein format	Homo sapiens	None	None	None	None				CHEMBL3357	Interleukin-1 receptor-associated kinase 1	Homo sapiens	SINGLE PROTEIN	CHEMBL3351874	1	Scientific Literature	Bioorg Med Chem	2014	None			
CHEMBL3343045		None	378.34	0	3.2	14b	O=C(Nc1ccc(NC(=O)c2ccccn2)cc1)c1ccc(O)c([N+](=O)[O-])c1	IC50	'>'	30000	nM				UO_0000065					0	CHEMBL3380802	Inhibition of human IRAK1 incubated for 20 mins prior to MgCl2 addition measured after 90 mins by mobility shift assay	B	BAO_0000357	single protein format	Homo sapiens	None	None	None	None				CHEMBL3357	Interleukin-1 receptor-associated kinase 1	Homo sapiens	SINGLE PROTEIN	CHEMBL3351874	1	Scientific Literature	Bioorg Med Chem	2014	None			
CHEMBL4251324		None	436.58	0	4.54	30	O=C(Cc1cccc(OCCCC2CCNCC2)c1)Nc1nc(-c2ccncc2)cs1	IC50	'>'	10000	nM				UO_0000065					0	CHEMBL4233339	Inhibition of IRAK1 (unknown origin)	B	BAO_0000357	single protein format	Homo sapiens	None	None	None	None				CHEMBL3357	Interleukin-1 receptor-associated kinase 1	Homo sapiens	SINGLE PROTEIN	CHEMBL4229420	1	Scientific Literature	Bioorg Med Chem Lett	2018	None			
CHEMBL4790193		None	509.57	1	4.03	6	CN(C)C/C=C/C(=O)Nc1cccc(C(=O)Nc2ccc(NC(=O)c3cccc(-c4ccn[nH]4)n3)cc2)c1	IC50	'='	52	nM	7.28			UO_0000065	14.29	0.26	3.25	5.51	0	CHEMBL4731589	Inhibition of recombinant IRAK1 (unknown origin) by Invitrogen adapta assay	B	BAO_0000357	single protein format	Homo sapiens	None	None	None	None				CHEMBL3357	Interleukin-1 receptor-associated kinase 1	Homo sapiens	SINGLE PROTEIN	CHEMBL4725474	1	Scientific Literature	ACS Med Chem Lett	2020	None		INHIBITOR	
CHEMBL4245507		None	437.57	0	3.06	28	O=C(Cc1cccc(OCCCN2CCNCC2)c1)Nc1nc(-c2ccncc2)cs1	IC50	'>'	10000	nM				UO_0000065					0	CHEMBL4233339	Inhibition of IRAK1 (unknown origin)	B	BAO_0000357	single protein format	Homo sapiens	None	None	None	None				CHEMBL3357	Interleukin-1 receptor-associated kinase 1	Homo sapiens	SINGLE PROTEIN	CHEMBL4229420	1	Scientific Literature	Bioorg Med Chem Lett	2018	None			
CHEMBL4788568		None	384.53	0	2.97	3	CC(=O)N1CCN([C@H]2CC[C@@H](Nc3ncnc4[nH]cc(C(C)C)c34)CC2)CC1	IC50	'='	1400	nM	5.85			UO_0000065	15.22	0.29	2.88	7.59	0	CHEMBL4729444	Inhibition of recombinant human N-terminal GST-tagged IRAK1 (194 to 712 residues) expressed in baculovirus expression system using 5-FAM-KKKVSRSGLYRSPSMPENLNRPR-COOH as substrate measured after 240 mins by mobility shift assay	B	BAO_0000019	assay format	Homo sapiens	None	None	None	None				CHEMBL3357	Interleukin-1 receptor-associated kinase 1	Homo sapiens	SINGLE PROTEIN	CHEMBL4725370	1	Scientific Literature	J Med Chem	2020	None	TIME = 4.0 hr	INHIBITOR	
CHEMBL3900127		None	403.89	0	4.28	BDBM206168	O=C(Nc1cc(Cl)ccc1O[C@H]1CC[C@H](O)CC1)c1csc2cncnc12	IC50	'='	600	nM	6.22		364968	UO_0000065	15.4	0.31	1.94	7.38	0	CHEMBL3887964	"In vitro IRAK-1 and IRAK-4 Assay: Purified recombinant IRAK-4 protein was incubated with 250 uM synthetic peptide(KKARFSRFAGSSPSQSSMVAR) in 30 ul of kinase buffer including (20 mM MOPS pH7.2, 25 mM beta glycerol phosphate, 5 mM EGTA, 1 mM sodium orthovanadate, 1 mM DTT, 50 uM ATP, 20 mM MgCl2, 10 uCi gamma-33P, 0.1% BSA) for the indicated time. For purified recombinant IRAK-1 protein kinase assay, 50 uM ATP was used. A 25 ul aliquot of the reaction mixture was transferred on to p81 phosphocellulose squares (Upstate Biotechnology, Lake Placid, N.Y.). The assay squares were washed three times with 0.75% phosphoric acid and once with acetone. Enzyme activity was measured by determining the bound radioactivity by liquid scintillation counting."	B	BAO_0000357	single protein format	None	None	None	None	None				CHEMBL3357	Interleukin-1 receptor-associated kinase 1	Homo sapiens	SINGLE PROTEIN	CHEMBL3886519	37	BindingDB Database		2016	None			
CHEMBL4793380		None	423.48	0	4.34	17d	CC(C)(C)c1cc(NC(=O)Nc2ccc(Nc3ncnc4c3OCCCN4)cc2)no1	IC50	'='	179	nM	6.75			UO_0000065	15.93	0.3	2.41	5.35	0	CHEMBL4767008	Inhibition of human IRAK1 (194 to end residues) using myelin basic protein as substrate after 40 mins by [gamma-33ATP] radiometric assay	B	BAO_0000357	single protein format	Homo sapiens	None	None	None	None				CHEMBL3357	Interleukin-1 receptor-associated kinase 1	Homo sapiens	SINGLE PROTEIN	CHEMBL4765237	1	Scientific Literature	Eur J Med Chem	2018	None	TIME = 0.6667 hr	INHIBITOR	
CHEMBL3343051		None	427.42	0	2.63	24b	O=C(Nc1ccc(NC(=O)c2ccccn2)cc1)c1cccc(-c2c[nH]c(=O)[nH]c2=O)c1	IC50	'>'	30000	nM				UO_0000065					0	CHEMBL3380802	Inhibition of human IRAK1 incubated for 20 mins prior to MgCl2 addition measured after 90 mins by mobility shift assay	B	BAO_0000357	single protein format	Homo sapiens	None	None	None	None				CHEMBL3357	Interleukin-1 receptor-associated kinase 1	Homo sapiens	SINGLE PROTEIN	CHEMBL3351874	1	Scientific Literature	Bioorg Med Chem	2014	None			
CHEMBL3343057		None	463.49	0	2.07	27	COc1cc(C(=O)Nc2ccc(NC(=O)C3CCCCN3)cc2)cc(-c2c[nH]c(=O)[nH]c2=O)c1	IC50	'>'	30000	nM				UO_0000065					0	CHEMBL3380802	Inhibition of human IRAK1 incubated for 20 mins prior to MgCl2 addition measured after 90 mins by mobility shift assay	B	BAO_0000357	single protein format	Homo sapiens	None	None	None	None				CHEMBL3357	Interleukin-1 receptor-associated kinase 1	Homo sapiens	SINGLE PROTEIN	CHEMBL3351874	1	Scientific Literature	Bioorg Med Chem	2014	None			
CHEMBL4552628		None	425.89	0	3.66	27	Cc1sc(C(=O)N[C@@H]2[C@H](N)CCCC2(F)F)cc1-c1cnn2cc(Cl)cnc12	IC50	'='	1900	nM	5.72			UO_0000065	13.43	0.28	2.06	6.71	0	CHEMBL4479731	Inhibition of recombinant human GST-tagged IRAK1 (194 to 712 residues) catalytic domain expressed in baculovirus expression system by Adapta assay	B	BAO_0000019	assay format	Homo sapiens	None	None	None	None				CHEMBL3357	Interleukin-1 receptor-associated kinase 1	Homo sapiens	SINGLE PROTEIN	CHEMBL4477252	1	Scientific Literature	Bioorg Med Chem Lett	2016	None			
CHEMBL3353213		None	452.47	0	2.97	47	O=C(Nc1nc2ccc(CO)cc2[nH]1)c1cccc(Cn2nc(-c3cccnc3)ccc2=O)c1	IC50	'<'	100	nM				UO_0000065					0	CHEMBL3372368	Inhibition of IRAK1 (unknown origin) by radiochemical assay	B	BAO_0000357	single protein format	Homo sapiens	None	None	None	None				CHEMBL3357	Interleukin-1 receptor-associated kinase 1	Homo sapiens	SINGLE PROTEIN	CHEMBL3351266	1	Scientific Literature	J Med Chem	2015	None			
CHEMBL3343058		None	423.43	0	2.13	37	CCNC(=O)Nc1ccc(NC(=O)c2cc(OC)cc(-c3c[nH]c(=O)[nH]c3=O)c2)cc1	IC50	'>'	30000	nM				UO_0000065					0	CHEMBL3380802	Inhibition of human IRAK1 incubated for 20 mins prior to MgCl2 addition measured after 90 mins by mobility shift assay	B	BAO_0000357	single protein format	Homo sapiens	None	None	None	None				CHEMBL3357	Interleukin-1 receptor-associated kinase 1	Homo sapiens	SINGLE PROTEIN	CHEMBL3351874	1	Scientific Literature	Bioorg Med Chem	2014	None			
CHEMBL3577124	LY-3009120	1	424.52	1	5.05	"13, LY3009120"	CNc1ncc2cc(-c3cc(NC(=O)NCCC(C)(C)C)c(F)cc3C)c(C)nc2n1	IC50	'='	390	nM	6.41			UO_0000065	15.1	0.28	1.36	6.98	0	CHEMBL3578507	Competitive binding affinity to IRAK1 in human A375 cells after 15 mins in presence of ATP analogue	B	BAO_0000219	cell-based format	Homo sapiens	None	None	A-375	None				CHEMBL3357	Interleukin-1 receptor-associated kinase 1	Homo sapiens	SINGLE PROTEIN	CHEMBL3576847	1	Scientific Literature	J Med Chem	2015	CHEMBL3308077			
CHEMBL4278882		None	384.53	0	2.74	4	CC(=O)N1CCN([C@H]2CC[C@H](Nc3ncnn4ccc(C(C)C)c34)CC2)CC1	IC50	'='	52	nM	7.28			UO_0000065	18.94	0.36	4.54	11.07	0	CHEMBL4729444	Inhibition of recombinant human N-terminal GST-tagged IRAK1 (194 to 712 residues) expressed in baculovirus expression system using 5-FAM-KKKVSRSGLYRSPSMPENLNRPR-COOH as substrate measured after 240 mins by mobility shift assay	B	BAO_0000019	assay format	Homo sapiens	None	None	None	None				CHEMBL3357	Interleukin-1 receptor-associated kinase 1	Homo sapiens	SINGLE PROTEIN	CHEMBL4725370	1	Scientific Literature	J Med Chem	2020	None	TIME = 4.0 hr	INHIBITOR	
CHEMBL2035187	PACRITINIB	4	472.59	0	4.47	Pacritinib	C1=N/C2=N/c3ccc(OCCN4CCCC4)c(c3)COC/C=C/COCc3cccc(c3)C(=C1)N2	IC50	'='	39.5	nM	7.4			UO_0000065	15.67	0.29	2.93	10.94	0	CHEMBL5224519	Inhibition of IRAK-1 (unknown origin)	B	BAO_0000357	single protein format	Homo sapiens	None	None	None	None				CHEMBL3357	Interleukin-1 receptor-associated kinase 1	Homo sapiens	SINGLE PROTEIN	CHEMBL5223103	1	Scientific Literature	RSC Med Chem	2022	None		INHIBITOR	
CHEMBL4791626		None	435.45	0	3.49	2	CN(C)CCn1cc2cc(NC(=O)c3cccc(C(F)(F)F)n3)c(C(C)(C)O)cc2n1	IC50	'='	7200	nM	5.14			UO_0000065	11.81	0.23	1.65	6.18	0	CHEMBL4678082	Inhibition of IRAK1 (unknown origin)	B	BAO_0000357	single protein format	Homo sapiens	None	None	None	None				CHEMBL3357	Interleukin-1 receptor-associated kinase 1	Homo sapiens	SINGLE PROTEIN	CHEMBL4673322	1	Scientific Literature	Bioorg Med Chem Lett	2021	None		INHIBITOR	
CHEMBL388978	STAUROSPORINE	None	466.54	0	4.35	Staurosporine	CN[C@@H]1C[C@H]2O[C@@](C)([C@@H]1OC)n1c3ccccc3c3c4c(c5c6ccccc6n2c5c31)C(=O)NC4	IC50	'='	59.3	nM	7.23			UO_0000065	15.49	0.28	2.88	10.41	0	CHEMBL4328454	Inhibition of human IRAK1 using MBP as substrate by [gamma-33P]-ATP assay	B	BAO_0000357	single protein format	Homo sapiens	None	None	None	None				CHEMBL3357	Interleukin-1 receptor-associated kinase 1	Homo sapiens	SINGLE PROTEIN	CHEMBL4325871	1	Scientific Literature	Eur J Med Chem	2019	None			
CHEMBL4798892		None	864.04	2	4.96	Degrader-2	COc1cc(N2CCC(OCC(=O)N[C@H](C(=O)N3C[C@H](O)C[C@H]3C(=O)NCc3ccc(-c4scnc4C)cc3)C(C)(C)C)CC2)ccc1NC(=O)c1cccc(-c2ccn[nH]2)n1	IC50	'='	60	nM	7.22			UO_0000065	8.36	0.16	2.26	3.54	0	CHEMBL5029478	Inhibition of truncated human N-terminal GST-fusion tagged IRAK1 (194 to 712 residues) expressed in baculovirus expression system using FAM-labelled peptide as substrate preincubated for 10 mins followed by substrate addition and further incubated for 1 hr in presence of ATP at Km concentration by caliper mobility shift assay	B	BAO_0000019	assay format	Homo sapiens	None	None	None	None				CHEMBL3357	Interleukin-1 receptor-associated kinase 1	Homo sapiens	SINGLE PROTEIN	CHEMBL5029152	1	Scientific Literature	J Med Chem	2021	None	TIME = 1.167 hr	INHIBITOR	
CHEMBL4798668		None	864.06	2	2.96	22	CC(C)c1ccn2ncnc(N[C@H]3CC[C@@H](N4CCN(C(=O)CCC(=O)N5CCC(CN6CCN(c7ccc8c(c7)C(=O)N(C7CCC(=O)NC7=O)C8=O)CC6)CC5)CC4)CC3)c12	IC50	'='	5600	nM	5.25			UO_0000065	6.08	0.11	2.29	2.98	0	CHEMBL4729444	Inhibition of recombinant human N-terminal GST-tagged IRAK1 (194 to 712 residues) expressed in baculovirus expression system using 5-FAM-KKKVSRSGLYRSPSMPENLNRPR-COOH as substrate measured after 240 mins by mobility shift assay	B	BAO_0000019	assay format	Homo sapiens	None	None	None	None				CHEMBL3357	Interleukin-1 receptor-associated kinase 1	Homo sapiens	SINGLE PROTEIN	CHEMBL4725370	1	Scientific Literature	J Med Chem	2020	None	TIME = 4.0 hr	INHIBITOR	
CHEMBL256713		None	379.42	0	2.57	JH-I-25	COc1cc(N2CCOCC2)ccc1NC(=O)c1cccc(-c2ccn[nH]2)n1	IC50	'='	9	nM	8.05			UO_0000065	21.21	0.39	5.48	8.71	0	CHEMBL4731591	Inhibition of wild-type human partial length IRAK1 (R194 to S712 residues) expressed in mammalian expression system by Kinomescan method	B	BAO_0000019	assay format	Homo sapiens	None	None	None	None				CHEMBL3357	Interleukin-1 receptor-associated kinase 1	Homo sapiens	SINGLE PROTEIN	CHEMBL4725474	1	Scientific Literature	ACS Med Chem Lett	2020	None		INHIBITOR	
CHEMBL3958152		None	408.48	0	4.03	BDBM206122	CC(C)(CCO)Oc1cc2ncccc2cc1NC(=O)c1csc2cncnc12	IC50	'='	364	nM	6.44		364957	UO_0000065	15.76	0.3	2.41	6.62	0	CHEMBL3887964	"In vitro IRAK-1 and IRAK-4 Assay: Purified recombinant IRAK-4 protein was incubated with 250 uM synthetic peptide(KKARFSRFAGSSPSQSSMVAR) in 30 ul of kinase buffer including (20 mM MOPS pH7.2, 25 mM beta glycerol phosphate, 5 mM EGTA, 1 mM sodium orthovanadate, 1 mM DTT, 50 uM ATP, 20 mM MgCl2, 10 uCi gamma-33P, 0.1% BSA) for the indicated time. For purified recombinant IRAK-1 protein kinase assay, 50 uM ATP was used. A 25 ul aliquot of the reaction mixture was transferred on to p81 phosphocellulose squares (Upstate Biotechnology, Lake Placid, N.Y.). The assay squares were washed three times with 0.75% phosphoric acid and once with acetone. Enzyme activity was measured by determining the bound radioactivity by liquid scintillation counting."	B	BAO_0000357	single protein format	None	None	None	None	None				CHEMBL3357	Interleukin-1 receptor-associated kinase 1	Homo sapiens	SINGLE PROTEIN	CHEMBL3886519	37	BindingDB Database		2016	None			
CHEMBL4564126	TP-008	None	411.82	0	2.84	18	Cc1cnc(-c2cc(Cl)ccc2F)cc1-n1c(=O)n(CC(N)=O)c2cnccc21	IC50	'>='	5000	nM				UO_0000065					0	CHEMBL4427696	Inhibition of IRAK1 (unknown origin)	B	BAO_0000357	single protein format	Homo sapiens	None	None	None	None				CHEMBL3357	Interleukin-1 receptor-associated kinase 1	Homo sapiens	SINGLE PROTEIN	CHEMBL4425174	1	Scientific Literature	Bioorg Med Chem Lett	2016	None			
CHEMBL4290222		None	426.57	0	2.51	31	CC(=O)N1CCN([C@H]2CC[C@H](Nc3ncnn4ccc(C5CCOCC5)c34)CC2)CC1	IC50	'='	72	nM	7.14			UO_0000065	16.74	0.31	4.63	9.52	0	CHEMBL4266498	Inhibition of recombinant human N-terminal His6-tagged IRAK1 (194 to end residues) expressed in baculovirus infected Sf21 insect cells in presence of 25 uM ATP	B	BAO_0000219	cell-based format	Homo sapiens	None	None	Sf21	None				CHEMBL3357	Interleukin-1 receptor-associated kinase 1	Homo sapiens	SINGLE PROTEIN	CHEMBL4265877	1	Scientific Literature	Bioorg Med Chem	2018	None			
CHEMBL3343038		None	444.45	0	4.1	7b	COc1cc2c(Nc3ccc(NC(=O)c4ccccc4)cc3)ncnc2cc1OCC(=O)O	IC50	'>'	30000	nM				UO_0000065					0	CHEMBL3380802	Inhibition of human IRAK1 incubated for 20 mins prior to MgCl2 addition measured after 90 mins by mobility shift assay	B	BAO_0000357	single protein format	Homo sapiens	None	None	None	None				CHEMBL3357	Interleukin-1 receptor-associated kinase 1	Homo sapiens	SINGLE PROTEIN	CHEMBL3351874	1	Scientific Literature	Bioorg Med Chem	2014	None			
CHEMBL3353215		None	449.47	0	3.63	49	O=C1Nc2nc3ccccc3n2Cc2cc(ccc2O)-c2ccc(=O)n(n2)Cc2cccc1c2	IC50	'<'	100	nM				UO_0000065					0	CHEMBL3372368	Inhibition of IRAK1 (unknown origin) by radiochemical assay	B	BAO_0000357	single protein format	Homo sapiens	None	None	None	None				CHEMBL3357	Interleukin-1 receptor-associated kinase 1	Homo sapiens	SINGLE PROTEIN	CHEMBL3351266	1	Scientific Literature	J Med Chem	2015	None			
CHEMBL3939426		None	402.84	0	3.02	BDBM206105	O=C(Nc1cc(Cl)ccc1OC1CCC(O)CC1)c1cnn2cc(O)cnc12	IC50	'='	163	nM	6.79		364950	UO_0000065	16.85	0.33	3.77	6.23	0	CHEMBL3887964	"In vitro IRAK-1 and IRAK-4 Assay: Purified recombinant IRAK-4 protein was incubated with 250 uM synthetic peptide(KKARFSRFAGSSPSQSSMVAR) in 30 ul of kinase buffer including (20 mM MOPS pH7.2, 25 mM beta glycerol phosphate, 5 mM EGTA, 1 mM sodium orthovanadate, 1 mM DTT, 50 uM ATP, 20 mM MgCl2, 10 uCi gamma-33P, 0.1% BSA) for the indicated time. For purified recombinant IRAK-1 protein kinase assay, 50 uM ATP was used. A 25 ul aliquot of the reaction mixture was transferred on to p81 phosphocellulose squares (Upstate Biotechnology, Lake Placid, N.Y.). The assay squares were washed three times with 0.75% phosphoric acid and once with acetone. Enzyme activity was measured by determining the bound radioactivity by liquid scintillation counting."	B	BAO_0000357	single protein format	None	None	None	None	None				CHEMBL3357	Interleukin-1 receptor-associated kinase 1	Homo sapiens	SINGLE PROTEIN	CHEMBL3886519	37	BindingDB Database		2016	None			
CHEMBL3899862		None	425.47	0	2.27	BDBM206134	COc1cc2ncccc2cc1NC(=O)c1csc2cnc(NCC(O)CO)nc12	IC50	'='	608	nM	6.22		364961	UO_0000065	14.61	0.28	3.95	4.8	0	CHEMBL3887964	"In vitro IRAK-1 and IRAK-4 Assay: Purified recombinant IRAK-4 protein was incubated with 250 uM synthetic peptide(KKARFSRFAGSSPSQSSMVAR) in 30 ul of kinase buffer including (20 mM MOPS pH7.2, 25 mM beta glycerol phosphate, 5 mM EGTA, 1 mM sodium orthovanadate, 1 mM DTT, 50 uM ATP, 20 mM MgCl2, 10 uCi gamma-33P, 0.1% BSA) for the indicated time. For purified recombinant IRAK-1 protein kinase assay, 50 uM ATP was used. A 25 ul aliquot of the reaction mixture was transferred on to p81 phosphocellulose squares (Upstate Biotechnology, Lake Placid, N.Y.). The assay squares were washed three times with 0.75% phosphoric acid and once with acetone. Enzyme activity was measured by determining the bound radioactivity by liquid scintillation counting."	B	BAO_0000357	single protein format	None	None	None	None	None				CHEMBL3357	Interleukin-1 receptor-associated kinase 1	Homo sapiens	SINGLE PROTEIN	CHEMBL3886519	37	BindingDB Database		2016	None			
CHEMBL3353216		None	437.46	0	2.77	50	O=C1Nc2nc3ccccc3n2CCn2cc(cn2)-c2ccc(=O)n(n2)Cc2cccc1c2	IC50	'<'	100	nM				UO_0000065					0	CHEMBL3372368	Inhibition of IRAK1 (unknown origin) by radiochemical assay	B	BAO_0000357	single protein format	Homo sapiens	None	None	None	None				CHEMBL3357	Interleukin-1 receptor-associated kinase 1	Homo sapiens	SINGLE PROTEIN	CHEMBL3351266	1	Scientific Literature	J Med Chem	2015	None			
CHEMBL4568087		None	421.53	0	2.86	19	Cn1cc(-c2cnc3c(-c4csc(C(=O)N[C@@H]5CCCC[C@@H]5N)c4)cnn3c2)cn1	IC50	'='	9	nM	8.05			UO_0000065	19.09	0.37	5.19	7.8	0	CHEMBL4479731	Inhibition of recombinant human GST-tagged IRAK1 (194 to 712 residues) catalytic domain expressed in baculovirus expression system by Adapta assay	B	BAO_0000019	assay format	Homo sapiens	None	None	None	None				CHEMBL3357	Interleukin-1 receptor-associated kinase 1	Homo sapiens	SINGLE PROTEIN	CHEMBL4477252	1	Scientific Literature	Bioorg Med Chem Lett	2016	None			
CHEMBL4064608		None	385.51	0	2.91	1	c1nc(N[C@H]2CC[C@H](N3CCOCC3)CC2)c2c(C3CCOCC3)c[nH]c2n1	IC50	'='	63	nM	7.2			UO_0000065	18.68	0.35	4.29	9.56	0	CHEMBL4729444	Inhibition of recombinant human N-terminal GST-tagged IRAK1 (194 to 712 residues) expressed in baculovirus expression system using 5-FAM-KKKVSRSGLYRSPSMPENLNRPR-COOH as substrate measured after 240 mins by mobility shift assay	B	BAO_0000019	assay format	Homo sapiens	None	None	None	None				CHEMBL3357	Interleukin-1 receptor-associated kinase 1	Homo sapiens	SINGLE PROTEIN	CHEMBL4725370	1	Scientific Literature	J Med Chem	2020	None	TIME = 4.0 hr	INHIBITOR	
CHEMBL4094760		None	385.51	0	2.91	2	c1nc(N[C@H]2CC[C@@H](N3CCOCC3)CC2)c2c(C3CCOCC3)c[nH]c2n1	IC50	'='	910	nM	6.04			UO_0000065	15.67	0.29	3.13	8.02	0	CHEMBL4729444	Inhibition of recombinant human N-terminal GST-tagged IRAK1 (194 to 712 residues) expressed in baculovirus expression system using 5-FAM-KKKVSRSGLYRSPSMPENLNRPR-COOH as substrate measured after 240 mins by mobility shift assay	B	BAO_0000019	assay format	Homo sapiens	None	None	None	None				CHEMBL3357	Interleukin-1 receptor-associated kinase 1	Homo sapiens	SINGLE PROTEIN	CHEMBL4725370	1	Scientific Literature	J Med Chem	2020	None	TIME = 4.0 hr	INHIBITOR	
CHEMBL3944798		None	401.85	0	2.55	BDBM206103	O=C(Nc1cc(Cl)ccc1N1CCC(CO)CC1)c1cnn2cc(O)cnc12	IC50	'='	836	nM	6.08		364949	UO_0000065	15.12	0.3	3.53	5.9	0	CHEMBL3887964	"In vitro IRAK-1 and IRAK-4 Assay: Purified recombinant IRAK-4 protein was incubated with 250 uM synthetic peptide(KKARFSRFAGSSPSQSSMVAR) in 30 ul of kinase buffer including (20 mM MOPS pH7.2, 25 mM beta glycerol phosphate, 5 mM EGTA, 1 mM sodium orthovanadate, 1 mM DTT, 50 uM ATP, 20 mM MgCl2, 10 uCi gamma-33P, 0.1% BSA) for the indicated time. For purified recombinant IRAK-1 protein kinase assay, 50 uM ATP was used. A 25 ul aliquot of the reaction mixture was transferred on to p81 phosphocellulose squares (Upstate Biotechnology, Lake Placid, N.Y.). The assay squares were washed three times with 0.75% phosphoric acid and once with acetone. Enzyme activity was measured by determining the bound radioactivity by liquid scintillation counting."	B	BAO_0000357	single protein format	None	None	None	None	None				CHEMBL3357	Interleukin-1 receptor-associated kinase 1	Homo sapiens	SINGLE PROTEIN	CHEMBL3886519	37	BindingDB Database		2016	None			
CHEMBL4782804		None	452.47	0	4.1	1; JH-X-119-01	C=CC(=O)Nc1cccc(C(=O)Nc2ccc(NC(=O)c3cccc(-c4ccn[nH]4)n3)cc2)c1	IC50	'='	9	nM	8.05			UO_0000065	17.78	0.32	3.95	6.24	0	CHEMBL4731589	Inhibition of recombinant IRAK1 (unknown origin) by Invitrogen adapta assay	B	BAO_0000357	single protein format	Homo sapiens	None	None	None	None				CHEMBL3357	Interleukin-1 receptor-associated kinase 1	Homo sapiens	SINGLE PROTEIN	CHEMBL4725474	1	Scientific Literature	ACS Med Chem Lett	2020	None		INHIBITOR	
CHEMBL4751092		None	938.1	3	4.1	7; JH-XIII-39-1	CC1NC(=O)NC1CCCCCC(=O)NCCOCCOCCOCCNC(=O)CCN(C)C/C=C/C(=O)Nc1cccc(C(=O)Nc2ccc(NC(=O)c3cccc(-c4ccn[nH]4)n3)cc2)c1	IC50	'='	70	nM	7.16			UO_0000065	7.63	0.14	3.05	2.76	0	CHEMBL4731589	Inhibition of recombinant IRAK1 (unknown origin) by Invitrogen adapta assay	B	BAO_0000357	single protein format	Homo sapiens	None	None	None	None				CHEMBL3357	Interleukin-1 receptor-associated kinase 1	Homo sapiens	SINGLE PROTEIN	CHEMBL4725474	1	Scientific Literature	ACS Med Chem Lett	2020	None		INHIBITOR	
CHEMBL3967068		None	420.49	0	4.17	BDBM206094	O=C(Nc1cc2cccnc2cc1O[C@H]1CC[C@@H](O)CC1)c1csc2cncnc12	IC50	'='	70	nM	7.16		364941	UO_0000065	17.02	0.33	2.98	7.36	0	CHEMBL3887964	"In vitro IRAK-1 and IRAK-4 Assay: Purified recombinant IRAK-4 protein was incubated with 250 uM synthetic peptide(KKARFSRFAGSSPSQSSMVAR) in 30 ul of kinase buffer including (20 mM MOPS pH7.2, 25 mM beta glycerol phosphate, 5 mM EGTA, 1 mM sodium orthovanadate, 1 mM DTT, 50 uM ATP, 20 mM MgCl2, 10 uCi gamma-33P, 0.1% BSA) for the indicated time. For purified recombinant IRAK-1 protein kinase assay, 50 uM ATP was used. A 25 ul aliquot of the reaction mixture was transferred on to p81 phosphocellulose squares (Upstate Biotechnology, Lake Placid, N.Y.). The assay squares were washed three times with 0.75% phosphoric acid and once with acetone. Enzyme activity was measured by determining the bound radioactivity by liquid scintillation counting."	B	BAO_0000357	single protein format	None	None	None	None	None				CHEMBL3357	Interleukin-1 receptor-associated kinase 1	Homo sapiens	SINGLE PROTEIN	CHEMBL3886519	37	BindingDB Database		2016	None			
CHEMBL3953525		None	418.53	0	3.67	BDBM206101	NCC1CCN(c2cc3ncccc3cc2NC(=O)c2csc3cncnc23)CC1	IC50	'='	850	nM	6.07		364947	UO_0000065	14.5	0.28	2.4	6.26	0	CHEMBL3887964	"In vitro IRAK-1 and IRAK-4 Assay: Purified recombinant IRAK-4 protein was incubated with 250 uM synthetic peptide(KKARFSRFAGSSPSQSSMVAR) in 30 ul of kinase buffer including (20 mM MOPS pH7.2, 25 mM beta glycerol phosphate, 5 mM EGTA, 1 mM sodium orthovanadate, 1 mM DTT, 50 uM ATP, 20 mM MgCl2, 10 uCi gamma-33P, 0.1% BSA) for the indicated time. For purified recombinant IRAK-1 protein kinase assay, 50 uM ATP was used. A 25 ul aliquot of the reaction mixture was transferred on to p81 phosphocellulose squares (Upstate Biotechnology, Lake Placid, N.Y.). The assay squares were washed three times with 0.75% phosphoric acid and once with acetone. Enzyme activity was measured by determining the bound radioactivity by liquid scintillation counting."	B	BAO_0000357	single protein format	None	None	None	None	None				CHEMBL3357	Interleukin-1 receptor-associated kinase 1	Homo sapiens	SINGLE PROTEIN	CHEMBL3886519	37	BindingDB Database		2016	None			
CHEMBL3893473		None	408.48	0	4.03	BDBM206108	CC(O)CC(C)Oc1cc2ncccc2cc1NC(=O)c1csc2cncnc12	IC50	'='	760	nM	6.12		364953	UO_0000065	14.98	0.29	2.09	6.29	0	CHEMBL3887964	"In vitro IRAK-1 and IRAK-4 Assay: Purified recombinant IRAK-4 protein was incubated with 250 uM synthetic peptide(KKARFSRFAGSSPSQSSMVAR) in 30 ul of kinase buffer including (20 mM MOPS pH7.2, 25 mM beta glycerol phosphate, 5 mM EGTA, 1 mM sodium orthovanadate, 1 mM DTT, 50 uM ATP, 20 mM MgCl2, 10 uCi gamma-33P, 0.1% BSA) for the indicated time. For purified recombinant IRAK-1 protein kinase assay, 50 uM ATP was used. A 25 ul aliquot of the reaction mixture was transferred on to p81 phosphocellulose squares (Upstate Biotechnology, Lake Placid, N.Y.). The assay squares were washed three times with 0.75% phosphoric acid and once with acetone. Enzyme activity was measured by determining the bound radioactivity by liquid scintillation counting."	B	BAO_0000357	single protein format	None	None	None	None	None				CHEMBL3357	Interleukin-1 receptor-associated kinase 1	Homo sapiens	SINGLE PROTEIN	CHEMBL3886519	37	BindingDB Database		2016	None			
CHEMBL3937613		None	402.45	0	3.82	BDBM206142	O=C(Nc1cc2ccccc2cc1OC1CCC(O)CC1)c1cnn2cccnc12	IC50	'='	817	nM	6.09		364965	UO_0000065	15.13	0.28	2.27	6.86	0	CHEMBL3887964	"In vitro IRAK-1 and IRAK-4 Assay: Purified recombinant IRAK-4 protein was incubated with 250 uM synthetic peptide(KKARFSRFAGSSPSQSSMVAR) in 30 ul of kinase buffer including (20 mM MOPS pH7.2, 25 mM beta glycerol phosphate, 5 mM EGTA, 1 mM sodium orthovanadate, 1 mM DTT, 50 uM ATP, 20 mM MgCl2, 10 uCi gamma-33P, 0.1% BSA) for the indicated time. For purified recombinant IRAK-1 protein kinase assay, 50 uM ATP was used. A 25 ul aliquot of the reaction mixture was transferred on to p81 phosphocellulose squares (Upstate Biotechnology, Lake Placid, N.Y.). The assay squares were washed three times with 0.75% phosphoric acid and once with acetone. Enzyme activity was measured by determining the bound radioactivity by liquid scintillation counting."	B	BAO_0000357	single protein format	None	None	None	None	None				CHEMBL3357	Interleukin-1 receptor-associated kinase 1	Homo sapiens	SINGLE PROTEIN	CHEMBL3886519	37	BindingDB Database		2016	None			
CHEMBL3944795		None	401.92	0	3.77	BDBM206151	NCC1CCN(c2ccc(Cl)cc2NC(=O)c2csc3cncnc23)CC1	IC50	'='	800	nM	6.1		364967	UO_0000065	15.17	0.31	2.33	7.25	0	CHEMBL3887964	"In vitro IRAK-1 and IRAK-4 Assay: Purified recombinant IRAK-4 protein was incubated with 250 uM synthetic peptide(KKARFSRFAGSSPSQSSMVAR) in 30 ul of kinase buffer including (20 mM MOPS pH7.2, 25 mM beta glycerol phosphate, 5 mM EGTA, 1 mM sodium orthovanadate, 1 mM DTT, 50 uM ATP, 20 mM MgCl2, 10 uCi gamma-33P, 0.1% BSA) for the indicated time. For purified recombinant IRAK-1 protein kinase assay, 50 uM ATP was used. A 25 ul aliquot of the reaction mixture was transferred on to p81 phosphocellulose squares (Upstate Biotechnology, Lake Placid, N.Y.). The assay squares were washed three times with 0.75% phosphoric acid and once with acetone. Enzyme activity was measured by determining the bound radioactivity by liquid scintillation counting."	B	BAO_0000357	single protein format	None	None	None	None	None				CHEMBL3357	Interleukin-1 receptor-associated kinase 1	Homo sapiens	SINGLE PROTEIN	CHEMBL3886519	37	BindingDB Database		2016	None			
CHEMBL3902407		None	387.89	0	4.33	BDBM206180	O=C(Nc1cc(Cl)ccc1OC1CCNCC1)c1csc2cccnc12	IC50	'='	930	nM	6.03		364969	UO_0000065	15.55	0.32	1.7	9.54	0	CHEMBL3887964	"In vitro IRAK-1 and IRAK-4 Assay: Purified recombinant IRAK-4 protein was incubated with 250 uM synthetic peptide(KKARFSRFAGSSPSQSSMVAR) in 30 ul of kinase buffer including (20 mM MOPS pH7.2, 25 mM beta glycerol phosphate, 5 mM EGTA, 1 mM sodium orthovanadate, 1 mM DTT, 50 uM ATP, 20 mM MgCl2, 10 uCi gamma-33P, 0.1% BSA) for the indicated time. For purified recombinant IRAK-1 protein kinase assay, 50 uM ATP was used. A 25 ul aliquot of the reaction mixture was transferred on to p81 phosphocellulose squares (Upstate Biotechnology, Lake Placid, N.Y.). The assay squares were washed three times with 0.75% phosphoric acid and once with acetone. Enzyme activity was measured by determining the bound radioactivity by liquid scintillation counting."	B	BAO_0000357	single protein format	None	None	None	None	None				CHEMBL3357	Interleukin-1 receptor-associated kinase 1	Homo sapiens	SINGLE PROTEIN	CHEMBL3886519	37	BindingDB Database		2016	None			
CHEMBL3960537		None	384.87	0	2.81	BDBM206112	NCC1CCN(c2ccc(Cl)cc2NC(=O)c2cnn3cccnc23)CC1	IC50	'='	463	nM	6.33		364956	UO_0000065	16.46	0.32	3.52	7.15	0	CHEMBL3887964	"In vitro IRAK-1 and IRAK-4 Assay: Purified recombinant IRAK-4 protein was incubated with 250 uM synthetic peptide(KKARFSRFAGSSPSQSSMVAR) in 30 ul of kinase buffer including (20 mM MOPS pH7.2, 25 mM beta glycerol phosphate, 5 mM EGTA, 1 mM sodium orthovanadate, 1 mM DTT, 50 uM ATP, 20 mM MgCl2, 10 uCi gamma-33P, 0.1% BSA) for the indicated time. For purified recombinant IRAK-1 protein kinase assay, 50 uM ATP was used. A 25 ul aliquot of the reaction mixture was transferred on to p81 phosphocellulose squares (Upstate Biotechnology, Lake Placid, N.Y.). The assay squares were washed three times with 0.75% phosphoric acid and once with acetone. Enzyme activity was measured by determining the bound radioactivity by liquid scintillation counting."	B	BAO_0000357	single protein format	None	None	None	None	None				CHEMBL3357	Interleukin-1 receptor-associated kinase 1	Homo sapiens	SINGLE PROTEIN	CHEMBL3886519	37	BindingDB Database		2016	None			
CHEMBL3941034		None	403.89	0	4.28	BDBM206149	O=C(Nc1cc(Cl)ccc1O[C@H]1CC[C@@H](O)CC1)c1csc2cncnc12	IC50	'='	126	nM	6.9		364966	UO_0000065	17.08	0.35	2.62	8.18	0	CHEMBL3887964	"In vitro IRAK-1 and IRAK-4 Assay: Purified recombinant IRAK-4 protein was incubated with 250 uM synthetic peptide(KKARFSRFAGSSPSQSSMVAR) in 30 ul of kinase buffer including (20 mM MOPS pH7.2, 25 mM beta glycerol phosphate, 5 mM EGTA, 1 mM sodium orthovanadate, 1 mM DTT, 50 uM ATP, 20 mM MgCl2, 10 uCi gamma-33P, 0.1% BSA) for the indicated time. For purified recombinant IRAK-1 protein kinase assay, 50 uM ATP was used. A 25 ul aliquot of the reaction mixture was transferred on to p81 phosphocellulose squares (Upstate Biotechnology, Lake Placid, N.Y.). The assay squares were washed three times with 0.75% phosphoric acid and once with acetone. Enzyme activity was measured by determining the bound radioactivity by liquid scintillation counting."	B	BAO_0000357	single protein format	None	None	None	None	None				CHEMBL3357	Interleukin-1 receptor-associated kinase 1	Homo sapiens	SINGLE PROTEIN	CHEMBL3886519	37	BindingDB Database		2016	None			
CHEMBL4108668		None	406.47	0	3.78	BDBM206102	O=C(Nc1cc2cccnc2cc1O[C@@H]1CC[C@@H](O)C1)c1csc2cncnc12	IC50	'='	246	nM	6.61		364948	UO_0000065	16.26	0.31	2.83	6.8	0	CHEMBL3887964	"In vitro IRAK-1 and IRAK-4 Assay: Purified recombinant IRAK-4 protein was incubated with 250 uM synthetic peptide(KKARFSRFAGSSPSQSSMVAR) in 30 ul of kinase buffer including (20 mM MOPS pH7.2, 25 mM beta glycerol phosphate, 5 mM EGTA, 1 mM sodium orthovanadate, 1 mM DTT, 50 uM ATP, 20 mM MgCl2, 10 uCi gamma-33P, 0.1% BSA) for the indicated time. For purified recombinant IRAK-1 protein kinase assay, 50 uM ATP was used. A 25 ul aliquot of the reaction mixture was transferred on to p81 phosphocellulose squares (Upstate Biotechnology, Lake Placid, N.Y.). The assay squares were washed three times with 0.75% phosphoric acid and once with acetone. Enzyme activity was measured by determining the bound radioactivity by liquid scintillation counting."	B	BAO_0000357	single protein format	None	None	None	None	None				CHEMBL3357	Interleukin-1 receptor-associated kinase 1	Homo sapiens	SINGLE PROTEIN	CHEMBL3886519	37	BindingDB Database		2016	None			
CHEMBL3353219		None	400.87	0	2.52	BDBM50040728	NCC1CCN(c2ccc(Cl)cc2NC(=O)c2cnn3cc(O)cnc23)CC1	IC50	'='	55	nM	7.26		364938	UO_0000065	18.11	0.35	4.74	6.67	1	CHEMBL3887964	"In vitro IRAK-1 and IRAK-4 Assay: Purified recombinant IRAK-4 protein was incubated with 250 uM synthetic peptide(KKARFSRFAGSSPSQSSMVAR) in 30 ul of kinase buffer including (20 mM MOPS pH7.2, 25 mM beta glycerol phosphate, 5 mM EGTA, 1 mM sodium orthovanadate, 1 mM DTT, 50 uM ATP, 20 mM MgCl2, 10 uCi gamma-33P, 0.1% BSA) for the indicated time. For purified recombinant IRAK-1 protein kinase assay, 50 uM ATP was used. A 25 ul aliquot of the reaction mixture was transferred on to p81 phosphocellulose squares (Upstate Biotechnology, Lake Placid, N.Y.). The assay squares were washed three times with 0.75% phosphoric acid and once with acetone. Enzyme activity was measured by determining the bound radioactivity by liquid scintillation counting."	B	BAO_0000357	single protein format	None	None	None	None	None				CHEMBL3357	Interleukin-1 receptor-associated kinase 1	Homo sapiens	SINGLE PROTEIN	CHEMBL3886519	37	BindingDB Database		2016	None			
CHEMBL3978719		None	335.32	0	2.24	BDBM206096	COc1cc2ncccc2cc1NC(=O)c1cnn2cc(O)cnc12	IC50	'='	200	nM	6.7		364943	UO_0000065	19.98	0.37	4.46	6.59	0	CHEMBL3887964	"In vitro IRAK-1 and IRAK-4 Assay: Purified recombinant IRAK-4 protein was incubated with 250 uM synthetic peptide(KKARFSRFAGSSPSQSSMVAR) in 30 ul of kinase buffer including (20 mM MOPS pH7.2, 25 mM beta glycerol phosphate, 5 mM EGTA, 1 mM sodium orthovanadate, 1 mM DTT, 50 uM ATP, 20 mM MgCl2, 10 uCi gamma-33P, 0.1% BSA) for the indicated time. For purified recombinant IRAK-1 protein kinase assay, 50 uM ATP was used. A 25 ul aliquot of the reaction mixture was transferred on to p81 phosphocellulose squares (Upstate Biotechnology, Lake Placid, N.Y.). The assay squares were washed three times with 0.75% phosphoric acid and once with acetone. Enzyme activity was measured by determining the bound radioactivity by liquid scintillation counting."	B	BAO_0000357	single protein format	None	None	None	None	None				CHEMBL3357	Interleukin-1 receptor-associated kinase 1	Homo sapiens	SINGLE PROTEIN	CHEMBL3886519	37	BindingDB Database		2016	None			
CHEMBL3904732		None	395.44	0	2.9	BDBM206097	COc1cc2nc(NCCO)ccc2cc1NC(=O)c1csc2cncnc12	IC50	'='	200	nM	6.7		364944	UO_0000065	16.94	0.33	3.8	6.13	0	CHEMBL3887964	"In vitro IRAK-1 and IRAK-4 Assay: Purified recombinant IRAK-4 protein was incubated with 250 uM synthetic peptide(KKARFSRFAGSSPSQSSMVAR) in 30 ul of kinase buffer including (20 mM MOPS pH7.2, 25 mM beta glycerol phosphate, 5 mM EGTA, 1 mM sodium orthovanadate, 1 mM DTT, 50 uM ATP, 20 mM MgCl2, 10 uCi gamma-33P, 0.1% BSA) for the indicated time. For purified recombinant IRAK-1 protein kinase assay, 50 uM ATP was used. A 25 ul aliquot of the reaction mixture was transferred on to p81 phosphocellulose squares (Upstate Biotechnology, Lake Placid, N.Y.). The assay squares were washed three times with 0.75% phosphoric acid and once with acetone. Enzyme activity was measured by determining the bound radioactivity by liquid scintillation counting."	B	BAO_0000357	single protein format	None	None	None	None	None				CHEMBL3357	Interleukin-1 receptor-associated kinase 1	Homo sapiens	SINGLE PROTEIN	CHEMBL3886519	37	BindingDB Database		2016	None			
CHEMBL4749646		None	878.09	2	3.35	23	CC(C)c1ccn2ncnc(N[C@H]3CC[C@@H](N4CCN(C(=O)CCC(=O)N5CCC(CCN6CCN(c7ccc8c(c7)C(=O)N(C7CCC(=O)NC7=O)C8=O)CC6)CC5)CC4)CC3)c12	IC50	'='	2300	nM	5.64			UO_0000065	6.42	0.12	2.29	3.2	0	CHEMBL4729444	Inhibition of recombinant human N-terminal GST-tagged IRAK1 (194 to 712 residues) expressed in baculovirus expression system using 5-FAM-KKKVSRSGLYRSPSMPENLNRPR-COOH as substrate measured after 240 mins by mobility shift assay	B	BAO_0000019	assay format	Homo sapiens	None	None	None	None				CHEMBL3357	Interleukin-1 receptor-associated kinase 1	Homo sapiens	SINGLE PROTEIN	CHEMBL4725370	1	Scientific Literature	J Med Chem	2020	None	TIME = 4.0 hr	INHIBITOR	
CHEMBL4212531	PF-06273340	1	479.93	0	2.6	14; PF-06273340	CC(C)(CO)n1cc(C(=O)c2cncc(NC(=O)Cc3ccc(Cl)cn3)c2)c2cnc(N)nc21	IC50	'='	2500	nM	5.6			UO_0000065	11.67	0.23	3	3.76	0	CHEMBL4681431	Inhibition of IRAK1 (unknown origin)	B	BAO_0000357	single protein format	Homo sapiens	None	None	None	None				CHEMBL3357	Interleukin-1 receptor-associated kinase 1	Homo sapiens	SINGLE PROTEIN	CHEMBL4680090	1	Scientific Literature	J Med Chem	2016	None		INHIBITOR	
CHEMBL4797475		None	422.41	0	3.87	16	COc1cc(NC(=O)c2cccc(C(F)(F)F)n2)cc2cn(CCC(C)(C)O)nc12	IC50	'='	14400	nM	4.84			UO_0000065	11.46	0.22	0.97	5.42	0	CHEMBL4678082	Inhibition of IRAK1 (unknown origin)	B	BAO_0000357	single protein format	Homo sapiens	None	None	None	None				CHEMBL3357	Interleukin-1 receptor-associated kinase 1	Homo sapiens	SINGLE PROTEIN	CHEMBL4673322	1	Scientific Literature	Bioorg Med Chem Lett	2021	None		INHIBITOR	
CHEMBL4799481		None	452.47	0	4.1	2	C=CC(=O)Nc1ccc(C(=O)Nc2ccc(NC(=O)c3cccc(-c4ccn[nH]4)n3)cc2)cc1	IC50	'='	47	nM	7.33			UO_0000065	16.2	0.29	3.23	5.69	0	CHEMBL4731589	Inhibition of recombinant IRAK1 (unknown origin) by Invitrogen adapta assay	B	BAO_0000357	single protein format	Homo sapiens	None	None	None	None				CHEMBL3357	Interleukin-1 receptor-associated kinase 1	Homo sapiens	SINGLE PROTEIN	CHEMBL4725474	1	Scientific Literature	ACS Med Chem Lett	2020	None		INHIBITOR	
CHEMBL4784448		None	452.47	0	4.1	4	C=CC(=O)Nc1cccc(C(=O)Nc2cccc(NC(=O)c3cccc(-c4ccn[nH]4)n3)c2)c1	IC50	'='	25	nM	7.6			UO_0000065	16.8	0.31	3.5	5.9	0	CHEMBL4731589	Inhibition of recombinant IRAK1 (unknown origin) by Invitrogen adapta assay	B	BAO_0000357	single protein format	Homo sapiens	None	None	None	None				CHEMBL3357	Interleukin-1 receptor-associated kinase 1	Homo sapiens	SINGLE PROTEIN	CHEMBL4725474	1	Scientific Literature	ACS Med Chem Lett	2020	None		INHIBITOR	
CHEMBL4781702		None	454.49	0	4.32	5	CCC(=O)Nc1cccc(C(=O)Nc2ccc(NC(=O)c3cccc(-c4ccn[nH]4)n3)cc2)c1	IC50	'='	259	nM	6.59			UO_0000065	14.49	0.26	2.27	5.11	0	CHEMBL4731589	Inhibition of recombinant IRAK1 (unknown origin) by Invitrogen adapta assay	B	BAO_0000357	single protein format	Homo sapiens	None	None	None	None				CHEMBL3357	Interleukin-1 receptor-associated kinase 1	Homo sapiens	SINGLE PROTEIN	CHEMBL4725474	1	Scientific Literature	ACS Med Chem Lett	2020	None		INHIBITOR	
CHEMBL5083561		None	878.07	3	5.52	Degrader-4	COc1cc(N2CCC(OCC(=O)N[C@H](C(=O)N3C[C@@H](O)C[C@H]3C(=O)N[C@@H](C)c3ccc(-c4scnc4C)cc3)C(C)(C)C)CC2)ccc1NC(=O)c1cccc(-c2ccn[nH]2)n1	IC50	'='	79	nM	7.1			UO_0000065	8.09	0.15	1.58	3.48	0	CHEMBL5029478	Inhibition of truncated human N-terminal GST-fusion tagged IRAK1 (194 to 712 residues) expressed in baculovirus expression system using FAM-labelled peptide as substrate preincubated for 10 mins followed by substrate addition and further incubated for 1 hr in presence of ATP at Km concentration by caliper mobility shift assay	B	BAO_0000019	assay format	Homo sapiens	None	None	None	None				CHEMBL3357	Interleukin-1 receptor-associated kinase 1	Homo sapiens	SINGLE PROTEIN	CHEMBL5029152	1	Scientific Literature	J Med Chem	2021	None	TIME = 1.167 hr	INHIBITOR	
CHEMBL4782801		None	450.46	0	4.09	1	CC(C)(O)CCn1cc2cc(NC(=O)c3cccc(C(F)(F)F)n3)c(C(C)(C)O)cc2n1	IC50	'='	3600	nM	5.44			UO_0000065	12.08	0.23	1.35	5.43	0	CHEMBL4678082	Inhibition of IRAK1 (unknown origin)	B	BAO_0000357	single protein format	Homo sapiens	None	None	None	None				CHEMBL3357	Interleukin-1 receptor-associated kinase 1	Homo sapiens	SINGLE PROTEIN	CHEMBL4673322	1	Scientific Literature	Bioorg Med Chem Lett	2021	None		INHIBITOR	
CHEMBL4744403		None	384.53	0	2.74	5	CC(=O)N1CCN([C@H]2CC[C@@H](Nc3ncnn4ccc(C(C)C)c34)CC2)CC1	IC50	'='	1300	nM	5.89			UO_0000065	15.31	0.29	3.15	8.95	0	CHEMBL4729444	Inhibition of recombinant human N-terminal GST-tagged IRAK1 (194 to 712 residues) expressed in baculovirus expression system using 5-FAM-KKKVSRSGLYRSPSMPENLNRPR-COOH as substrate measured after 240 mins by mobility shift assay	B	BAO_0000019	assay format	Homo sapiens	None	None	None	None				CHEMBL3357	Interleukin-1 receptor-associated kinase 1	Homo sapiens	SINGLE PROTEIN	CHEMBL4725370	1	Scientific Literature	J Med Chem	2020	None	TIME = 4.0 hr	INHIBITOR	
CHEMBL4278882		None	384.53	0	2.74	30	CC(=O)N1CCN([C@H]2CC[C@H](Nc3ncnn4ccc(C(C)C)c34)CC2)CC1	IC50	'='	21	nM	7.68			UO_0000065	19.97	0.37	4.94	11.67	0	CHEMBL4266498	Inhibition of recombinant human N-terminal His6-tagged IRAK1 (194 to end residues) expressed in baculovirus infected Sf21 insect cells in presence of 25 uM ATP	B	BAO_0000219	cell-based format	Homo sapiens	None	None	Sf21	None				CHEMBL3357	Interleukin-1 receptor-associated kinase 1	Homo sapiens	SINGLE PROTEIN	CHEMBL4265877	1	Scientific Literature	Bioorg Med Chem	2018	None			
CHEMBL4745104		None	448.53	0	3.44	12	Cc1cc(-c2nc(C(=O)Nc3cc4cn(CCN(C)C)nc4cc3C(C)(C)O)co2)ccn1	IC50						Not Determined						0	CHEMBL4678082	Inhibition of IRAK1 (unknown origin)	B	BAO_0000357	single protein format	Homo sapiens	None	None	None	None				CHEMBL3357	Interleukin-1 receptor-associated kinase 1	Homo sapiens	SINGLE PROTEIN	CHEMBL4673322	1	Scientific Literature	Bioorg Med Chem Lett	2021	None			
CHEMBL4462890		None	757.75	2	0.88	4	COc1cc2c(OC[C@@H]3CCC(=O)N3)ncc(C#CCOCCOCCOCCOc3cccc4c3C(=O)N(C3CCC(=O)NC3=O)C4=O)c2cc1C(N)=O	IC50						Not Determined						0	CHEMBL4361897	Binding affinity to human IRK1 using myelin basic protein as substrate by [gamma-33P]-ATP assay	B	BAO_0000357	single protein format	Homo sapiens	None	None	None	None				CHEMBL3357	Interleukin-1 receptor-associated kinase 1	Homo sapiens	SINGLE PROTEIN	CHEMBL4359855	1	Scientific Literature	ACS Med Chem Lett	2019	None			
CHEMBL5176837		None	389.46	0	2.58	18; NCGC1481	COc1cc2ncc(-c3cccc(NC4CCNC4)n3)n2cc1-c1cnn(C)c1	IC50	'='	22.6	nM	7.65			UO_0000065	19.63	0.36	5.07	9.4	0	CHEMBL5150845	Inhibition of IRAK1 (unknown origin)	B	BAO_0000357	single protein format	Homo sapiens	None	None	None	None				CHEMBL3357	Interleukin-1 receptor-associated kinase 1	Homo sapiens	SINGLE PROTEIN	CHEMBL5149977	1	Scientific Literature	J Med Chem	2021	None		INHIBITOR	
CHEMBL3393607		None	493.57	0	4.59	THZ-2-118	CN(C)C/C=C/C(=O)Nc1cccc(C(=O)Nc2ccc(Nc3nccc(-c4cccnc4)n3)cc2)c1	IC50	'='	14.2	nM	7.85			UO_0000065	15.9	0.29	3.26	7	0	CHEMBL4731591	Inhibition of wild-type human partial length IRAK1 (R194 to S712 residues) expressed in mammalian expression system by Kinomescan method	B	BAO_0000019	assay format	Homo sapiens	None	None	None	None				CHEMBL3357	Interleukin-1 receptor-associated kinase 1	Homo sapiens	SINGLE PROTEIN	CHEMBL4725474	1	Scientific Literature	ACS Med Chem Lett	2020	None		INHIBITOR	
CHEMBL256713		None	379.42	0	2.57	JH-I-25	COc1cc(N2CCOCC2)ccc1NC(=O)c1cccc(-c2ccn[nH]2)n1	IC50	'='	23	nM	7.64			UO_0000065	20.13	0.37	5.07	8.27	0	CHEMBL5029478	Inhibition of truncated human N-terminal GST-fusion tagged IRAK1 (194 to 712 residues) expressed in baculovirus expression system using FAM-labelled peptide as substrate preincubated for 10 mins followed by substrate addition and further incubated for 1 hr in presence of ATP at Km concentration by caliper mobility shift assay	B	BAO_0000019	assay format	Homo sapiens	None	None	None	None				CHEMBL3357	Interleukin-1 receptor-associated kinase 1	Homo sapiens	SINGLE PROTEIN	CHEMBL5029152	1	Scientific Literature	J Med Chem	2021	None	TIME = 1.167 hr	INHIBITOR	
CHEMBL5179166		None	581.51	2	5.89	16a	CCN1CCN(c2ccc(Nc3ncnc(-c4cccnc4Nc4c(Cl)c(OC)cc(OC)c4Cl)n3)cc2)CC1	IC50	'>'	100	nM				UO_0000065					0	CHEMBL5135738	Inhibition of IRAK1 (unknown origin) by biochemical assay	B	BAO_0000357	single protein format	Homo sapiens	None	None	None	None				CHEMBL3357	Interleukin-1 receptor-associated kinase 1	Homo sapiens	SINGLE PROTEIN	CHEMBL5131515	1	Scientific Literature	J Med Chem	2022	None			
CHEMBL4762381		None	878.07	3	5.52	Degrader-3; JNJ-1013	COc1cc(N2CCC(OCC(=O)N[C@H](C(=O)N3C[C@H](O)C[C@H]3C(=O)N[C@@H](C)c3ccc(-c4scnc4C)cc3)C(C)(C)C)CC2)ccc1NC(=O)c1cccc(-c2ccn[nH]2)n1	IC50	'='	72	nM	7.14			UO_0000065	8.13	0.15	1.62	3.5	0	CHEMBL5029478	Inhibition of truncated human N-terminal GST-fusion tagged IRAK1 (194 to 712 residues) expressed in baculovirus expression system using FAM-labelled peptide as substrate preincubated for 10 mins followed by substrate addition and further incubated for 1 hr in presence of ATP at Km concentration by caliper mobility shift assay	B	BAO_0000019	assay format	Homo sapiens	None	None	None	None				CHEMBL3357	Interleukin-1 receptor-associated kinase 1	Homo sapiens	SINGLE PROTEIN	CHEMBL5029152	1	Scientific Literature	J Med Chem	2021	None	TIME = 1.167 hr	INHIBITOR	
CHEMBL3353214		None	507.55	1	3.11	48	CN(C)C(=O)Cc1ccc2nc(NC(=O)c3cccc(Cn4nc(-c5cccnc5)ccc4=O)c3)[nH]c2c1	IC50	'<'	100	nM				UO_0000065					0	CHEMBL3372368	Inhibition of IRAK1 (unknown origin) by radiochemical assay	B	BAO_0000357	single protein format	Homo sapiens	None	None	None	None				CHEMBL3357	Interleukin-1 receptor-associated kinase 1	Homo sapiens	SINGLE PROTEIN	CHEMBL3351266	1	Scientific Literature	J Med Chem	2015	None			
CHEMBL5274954		None	488.58	0	3.96	35	Cc1ncc(-c2nc3c(NC(C)C)nc(Nc4cnn(C5CC6(C5)CN(C)C6)c4)nc3cc2F)cn1	IC50	'='	1200	nM	5.92			UO_0000065	12.12	0.22	1.96	5.4	0	CHEMBL5246678	Inhibition of IRAK1 (unknown origin) in presence of 25 uM ATP	B	BAO_0000357	single protein format	Homo sapiens	None	None	None	None				CHEMBL3357	Interleukin-1 receptor-associated kinase 1	Homo sapiens	SINGLE PROTEIN	CHEMBL5244269	1	Scientific Literature	Bioorg Med Chem	2020	None		INHIBITOR	
CHEMBL4763746		None	892.12	2	3.69	24	CC(C)c1ccn2ncnc(N[C@H]3CC[C@@H](N4CCN(C(=O)CCC(=O)N5CCC(CCN6CCN(c7ccc8c(c7)C(=O)N(C7CCC(=O)N(C)C7=O)C8=O)CC6)CC5)CC4)CC3)c12	IC50	'='	3400	nM	5.47			UO_0000065	6.13	0.11	1.78	3.27	0	CHEMBL4729444	Inhibition of recombinant human N-terminal GST-tagged IRAK1 (194 to 712 residues) expressed in baculovirus expression system using 5-FAM-KKKVSRSGLYRSPSMPENLNRPR-COOH as substrate measured after 240 mins by mobility shift assay	B	BAO_0000019	assay format	Homo sapiens	None	None	None	None				CHEMBL3357	Interleukin-1 receptor-associated kinase 1	Homo sapiens	SINGLE PROTEIN	CHEMBL4725370	1	Scientific Literature	J Med Chem	2020	None	TIME = 4.0 hr	INHIBITOR	
CHEMBL5278465		None	392.85	0	4.4	33	O=C(Nc1cnccc1-c1ccc(Cl)cc1)c1ccnc(NC(=O)C2CC2)c1	IC50	'>'	2000	nM				UO_0000065					0	CHEMBL5252879	Inhibition of IRAK1 (unknown origin) by Ambit kinase assay	B	BAO_0000357	single protein format	Homo sapiens	None	None	None	None				CHEMBL3357	Interleukin-1 receptor-associated kinase 1	Homo sapiens	SINGLE PROTEIN	CHEMBL5252511	1	Scientific Literature	J Med Chem	2016	None			
CHEMBL5270781		None	414.47	0	3.27	rac-47	CC1CN(c2ccncc2NC(=O)c2ccnn3cc(-c4ccccc4)nc23)CCO1	IC50	'>'	2000	nM				UO_0000065					0	CHEMBL5252048	Inhibition of IRAK1 (unknown origin)	B	BAO_0000357	single protein format	Homo sapiens	None	None	None	None				CHEMBL3357	Interleukin-1 receptor-associated kinase 1	Homo sapiens	SINGLE PROTEIN	CHEMBL5247659	1	Scientific Literature	J Med Chem	2023	None			
CHEMBL5075213		None	863.06	2	4.49	Degrader-1	COc1cc(N2CCN(CCC(=O)N[C@H](C(=O)N3C[C@H](O)C[C@H]3C(=O)NCc3ccc(-c4scnc4C)cc3)C(C)(C)C)CC2)ccc1NC(=O)c1cccc(-c2cc[nH]n2)n1	IC50	'='	80	nM	7.1			UO_0000065	8.22	0.16	2.61	3.58	0	CHEMBL5029478	Inhibition of truncated human N-terminal GST-fusion tagged IRAK1 (194 to 712 residues) expressed in baculovirus expression system using FAM-labelled peptide as substrate preincubated for 10 mins followed by substrate addition and further incubated for 1 hr in presence of ATP at Km concentration by caliper mobility shift assay	B	BAO_0000019	assay format	Homo sapiens	None	None	None	None				CHEMBL3357	Interleukin-1 receptor-associated kinase 1	Homo sapiens	SINGLE PROTEIN	CHEMBL5029152	1	Scientific Literature	J Med Chem	2021	None	TIME = 1.167 hr	INHIBITOR	
CHEMBL5288931		None	489.56	0	4.07	28	Cc1ncc(-c2nc3c(OC4(C)CC4)nc(Nc4cnn(C5CCN(C)CC5)c4)nc3cc2F)cn1	IC50	'='	1400	nM	5.85			UO_0000065	11.96	0.22	1.78	5.48	0	CHEMBL5246678	Inhibition of IRAK1 (unknown origin) in presence of 25 uM ATP	B	BAO_0000357	single protein format	Homo sapiens	None	None	None	None				CHEMBL3357	Interleukin-1 receptor-associated kinase 1	Homo sapiens	SINGLE PROTEIN	CHEMBL5244269	1	Scientific Literature	Bioorg Med Chem	2020	None		INHIBITOR	
CHEMBL3353187		None	432.87	0	1.94	2; AS2444697	Cc1cc(-c2nc(C(=O)Nc3cn(C4CCOCC4)nc3C(N)=O)co2)ccn1.Cl	IC50	'='	800	nM	6.1			UO_0000065	15.38	0.29	4.16	4.41	0	CHEMBL5260524	Inhibition of human IRAK1 using biotinylated FGLARFSRFAGSSPSQSSMVARTQTVRGT peptide as substrate incubated for 1 hr in presence of ATP by ELISA assay	B	BAO_0000357	single protein format	Homo sapiens	None	None	None	None				CHEMBL3357	Interleukin-1 receptor-associated kinase 1	Homo sapiens	SINGLE PROTEIN	CHEMBL5257151	1	Scientific Literature	Bioorg Med Chem	2023	None	TIME = 1.0 hr	INHIBITOR	
CHEMBL3353220		None	408.49	0	2.9	55	COc1cc2ncccc2cc1NC(=O)c1csc2cnc(N(C)CCN)nc12	IC50	'='	983	nM	6.01			UO_0000065	14.71	0.28	3.11	5.65	0	CHEMBL3372373	Inhibition of IRAK1 (unknown origin)	B	BAO_0000357	single protein format	Homo sapiens	None	None	None	None				CHEMBL3357	Interleukin-1 receptor-associated kinase 1	Homo sapiens	SINGLE PROTEIN	CHEMBL3351266	1	Scientific Literature	J Med Chem	2015	None			
CHEMBL5283628		None	457.54	0	3.62	21	CN1CCC(n2cc(Nc3nc(OC4(C)CC4)c4nc(-c5cncnc5)ccc4n3)cn2)CC1	IC50	'='	2	nM	8.7			UO_0000065	19.01	0.35	5.08	8.15	0	CHEMBL5246678	Inhibition of IRAK1 (unknown origin) in presence of 25 uM ATP	B	BAO_0000357	single protein format	Homo sapiens	None	None	None	None				CHEMBL3357	Interleukin-1 receptor-associated kinase 1	Homo sapiens	SINGLE PROTEIN	CHEMBL5244269	1	Scientific Literature	Bioorg Med Chem	2020	None		INHIBITOR	
